-- phpMyAdmin SQL Dump
-- version 5.2.1
-- https://www.phpmyadmin.net/
--
-- Servidor: localhost:3306
-- Tiempo de generación: 02-06-2025 a las 20:52:40
-- Versión del servidor: 8.0.30
-- Versión de PHP: 8.2.22

SET SQL_MODE = "NO_AUTO_VALUE_ON_ZERO";
START TRANSACTION;
SET time_zone = "+00:00";


/*!40101 SET @OLD_CHARACTER_SET_CLIENT=@@CHARACTER_SET_CLIENT */;
/*!40101 SET @OLD_CHARACTER_SET_RESULTS=@@CHARACTER_SET_RESULTS */;
/*!40101 SET @OLD_COLLATION_CONNECTION=@@COLLATION_CONNECTION */;
/*!40101 SET NAMES utf8mb4 */;

--
-- Base de datos: `sisproyectos_db`
--

-- --------------------------------------------------------

--
-- Estructura de tabla para la tabla `clientes`
--

CREATE TABLE `clientes` (
  `id` bigint UNSIGNED NOT NULL,
  `nombre` varchar(255) CHARACTER SET utf8mb4 COLLATE utf8mb4_unicode_ci NOT NULL,
  `fecha_registro` date NOT NULL,
  `created_at` timestamp NULL DEFAULT NULL,
  `updated_at` timestamp NULL DEFAULT NULL
) ENGINE=InnoDB DEFAULT CHARSET=utf8mb4 COLLATE=utf8mb4_unicode_ci;

--
-- Volcado de datos para la tabla `clientes`
--

INSERT INTO `clientes` (`id`, `nombre`, `fecha_registro`, `created_at`, `updated_at`) VALUES
(1, 'EMSYT S.R.L', '2022-10-03', '2022-10-04 01:19:31', '2024-05-30 20:30:08'),
(2, 'GEOVANA CAPA GARZOFINO', '2022-10-09', '2022-10-09 23:03:06', '2022-10-09 23:03:06'),
(3, 'JIMMY CHURA VIDAL', '2022-10-10', '2022-10-10 14:10:03', '2022-10-10 14:48:00'),
(6, 'JOHN CLEVER', '2022-11-29', '2022-11-29 15:05:44', '2023-06-15 03:15:28'),
(7, 'JOSE ARAMAYO', '2024-01-30', '2024-01-30 17:54:35', '2024-01-30 17:54:35'),
(8, 'VANIA PATZI', '2024-05-01', '2024-05-01 21:23:08', '2024-05-30 20:29:54');

-- --------------------------------------------------------

--
-- Estructura de tabla para la tabla `configuracions`
--

CREATE TABLE `configuracions` (
  `id` bigint UNSIGNED NOT NULL,
  `sistema` varchar(255) CHARACTER SET utf8mb4 COLLATE utf8mb4_unicode_ci NOT NULL,
  `alias` varchar(255) CHARACTER SET utf8mb4 COLLATE utf8mb4_unicode_ci NOT NULL,
  `created_at` timestamp NULL DEFAULT NULL,
  `updated_at` timestamp NULL DEFAULT NULL
) ENGINE=InnoDB DEFAULT CHARSET=utf8mb4 COLLATE=utf8mb4_unicode_ci;

--
-- Volcado de datos para la tabla `configuracions`
--

INSERT INTO `configuracions` (`id`, `sistema`, `alias`, `created_at`, `updated_at`) VALUES
(1, 'SISPROYECTOS', 'SP', NULL, NULL);

-- --------------------------------------------------------

--
-- Estructura de tabla para la tabla `migrations`
--

CREATE TABLE `migrations` (
  `id` int UNSIGNED NOT NULL,
  `migration` varchar(255) CHARACTER SET utf8mb4 COLLATE utf8mb4_unicode_ci NOT NULL,
  `batch` int NOT NULL
) ENGINE=InnoDB DEFAULT CHARSET=utf8mb4 COLLATE=utf8mb4_unicode_ci;

--
-- Volcado de datos para la tabla `migrations`
--

INSERT INTO `migrations` (`id`, `migration`, `batch`) VALUES
(13, '2014_10_12_000000_create_users_table', 1),
(14, '2019_12_14_000001_create_personal_access_tokens_table', 1),
(15, '2022_10_03_193247_create_clientes_table', 1),
(16, '2022_10_03_193406_create_monedas_table', 1),
(17, '2022_10_03_193407_create_proyectos_table', 1),
(18, '2022_10_03_193408_create_trabajos_table', 1),
(19, '2022_10_03_193409_create_pagos_table', 1),
(20, '2022_10_06_144738_create_tipo_cambios_table', 2);

-- --------------------------------------------------------

--
-- Estructura de tabla para la tabla `monedas`
--

CREATE TABLE `monedas` (
  `id` bigint UNSIGNED NOT NULL,
  `nombre` varchar(255) CHARACTER SET utf8mb4 COLLATE utf8mb4_unicode_ci NOT NULL,
  `descripcion` varchar(255) CHARACTER SET utf8mb4 COLLATE utf8mb4_unicode_ci DEFAULT NULL,
  `principal` int NOT NULL,
  `created_at` timestamp NULL DEFAULT NULL,
  `updated_at` timestamp NULL DEFAULT NULL
) ENGINE=InnoDB DEFAULT CHARSET=utf8mb4 COLLATE=utf8mb4_unicode_ci;

--
-- Volcado de datos para la tabla `monedas`
--

INSERT INTO `monedas` (`id`, `nombre`, `descripcion`, `principal`, `created_at`, `updated_at`) VALUES
(1, 'Bs.', 'Bolivianos', 1, NULL, NULL),
(2, '$us', 'Dolares', 0, NULL, NULL);

--
-- Disparadores `monedas`
--
DELIMITER $$
CREATE TRIGGER `limit_one_value_one` BEFORE INSERT ON `monedas` FOR EACH ROW BEGIN
  IF NEW.principal = 1 AND (SELECT COUNT(*) FROM monedas WHERE principal = 1) > 0 THEN
    SIGNAL SQLSTATE '45000'
    SET MESSAGE_TEXT = 'Solo se permite un registro principal en la tabla monedas';
  END IF;
END
$$
DELIMITER ;
DELIMITER $$
CREATE TRIGGER `limit_one_value_one_update` BEFORE UPDATE ON `monedas` FOR EACH ROW BEGIN
  DECLARE old_value INT;
  DECLARE new_value INT;

  SET old_value = (SELECT principal FROM monedas WHERE id = OLD.id);
  SET new_value = NEW.principal;

  IF old_value = 1 AND new_value = 0 AND (SELECT COUNT(*) FROM monedas WHERE principal = 1) <= 1 THEN
    SIGNAL SQLSTATE '45000'
    SET MESSAGE_TEXT = 'Debe haber al menos un registro principal en la tabla monedas';
  END IF;

  IF old_value = 0 AND new_value = 1 AND (SELECT COUNT(*) FROM monedas WHERE principal = 1) > 0 THEN
    SIGNAL SQLSTATE '45000'
    SET MESSAGE_TEXT = 'Solo se permite un registro principal en la tabla monedas';
  END IF;
END
$$
DELIMITER ;
DELIMITER $$
CREATE TRIGGER `prevent_delete_value_one` BEFORE DELETE ON `monedas` FOR EACH ROW BEGIN
  IF OLD.principal = 1 THEN
    SIGNAL SQLSTATE '45000'
    SET MESSAGE_TEXT = 'No se permite eliminar un registro con valor 1 en la columna "principal"';
  END IF;
END
$$
DELIMITER ;

-- --------------------------------------------------------

--
-- Estructura de tabla para la tabla `pagos`
--

CREATE TABLE `pagos` (
  `id` bigint UNSIGNED NOT NULL,
  `trabajo_id` bigint UNSIGNED NOT NULL,
  `cliente_id` bigint UNSIGNED NOT NULL,
  `monto_original` decimal(24,2) NOT NULL,
  `moneda_seleccionada_id` bigint UNSIGNED NOT NULL,
  `monto` decimal(24,2) NOT NULL,
  `moneda_id` bigint UNSIGNED NOT NULL,
  `monto_cambio` decimal(24,2) NOT NULL,
  `moneda_cambio_id` bigint UNSIGNED NOT NULL,
  `descripcion` text CHARACTER SET utf8mb4 COLLATE utf8mb4_unicode_ci NOT NULL,
  `foto_comprobante` varchar(255) CHARACTER SET utf8mb4 COLLATE utf8mb4_unicode_ci DEFAULT NULL,
  `archivo_comprobante` varchar(255) CHARACTER SET utf8mb4 COLLATE utf8mb4_unicode_ci DEFAULT NULL,
  `descripcion_archivo` varchar(255) CHARACTER SET utf8mb4 COLLATE utf8mb4_unicode_ci DEFAULT NULL,
  `fecha_pago` date NOT NULL,
  `created_at` timestamp NULL DEFAULT NULL,
  `updated_at` timestamp NULL DEFAULT NULL
) ENGINE=InnoDB DEFAULT CHARSET=utf8mb4 COLLATE=utf8mb4_unicode_ci;

--
-- Volcado de datos para la tabla `pagos`
--

INSERT INTO `pagos` (`id`, `trabajo_id`, `cliente_id`, `monto_original`, `moneda_seleccionada_id`, `monto`, `moneda_id`, `monto_cambio`, `moneda_cambio_id`, `descripcion`, `foto_comprobante`, `archivo_comprobante`, `descripcion_archivo`, `fecha_pago`, `created_at`, `updated_at`) VALUES
(1, 1, 1, 500.00, 1, 500.00, 1, 500.00, 0, '', NULL, NULL, NULL, '2022-10-04', '2022-10-05 19:56:36', '2022-10-10 21:16:43'),
(2, 2, 1, 400.00, 1, 400.00, 1, 400.00, 0, '', NULL, NULL, NULL, '2022-10-04', '2022-10-05 19:56:36', '2022-10-10 21:16:43'),
(3, 3, 1, 300.00, 1, 300.00, 1, 300.00, 0, '', NULL, NULL, NULL, '2022-10-04', '2022-10-05 19:56:36', '2022-10-10 21:16:43'),
(4, 4, 1, 696.00, 1, 696.00, 1, 696.00, 0, '', NULL, NULL, NULL, '2022-10-04', '2022-10-05 19:56:36', '2022-10-10 21:16:43'),
(5, 5, 1, 200.00, 1, 200.00, 1, 200.00, 0, '', NULL, NULL, NULL, '2022-10-04', '2022-10-05 19:56:36', '2022-10-10 21:16:43'),
(6, 6, 1, 350.00, 1, 350.00, 1, 350.00, 0, '', NULL, NULL, NULL, '2022-10-04', '2022-10-05 19:56:36', '2022-10-10 21:16:43'),
(7, 7, 1, 974.40, 1, 974.40, 1, 140.00, 2, '', NULL, NULL, NULL, '2022-10-04', '2022-10-05 19:56:36', '2023-09-24 15:56:37'),
(8, 8, 1, 200.00, 1, 200.00, 1, 200.00, 0, '', NULL, NULL, NULL, '2022-10-04', '2022-10-05 19:56:36', '2022-10-10 21:16:43'),
(9, 9, 1, 835.20, 1, 835.20, 1, 120.00, 2, '', NULL, NULL, NULL, '2022-10-04', '2022-10-05 19:56:36', '2023-09-24 15:56:37'),
(10, 10, 1, 1252.80, 1, 1252.80, 1, 180.00, 2, '', NULL, NULL, NULL, '2022-10-04', '2022-10-05 19:56:36', '2023-09-24 15:56:37'),
(11, 11, 1, 200.00, 1, 200.00, 1, 200.00, 0, '', NULL, NULL, NULL, '2022-10-04', '2022-10-05 19:56:36', '2022-10-10 21:16:43'),
(12, 12, 1, 835.20, 1, 835.20, 1, 120.00, 2, '', NULL, NULL, NULL, '2022-10-04', '2022-10-05 19:56:36', '2023-09-24 15:56:37'),
(13, 13, 1, 500.00, 1, 500.00, 1, 500.00, 0, '', NULL, NULL, NULL, '2022-10-04', '2022-10-05 19:56:36', '2022-10-10 21:16:43'),
(14, 14, 1, 835.20, 1, 835.20, 1, 120.00, 2, '', NULL, NULL, NULL, '2022-10-04', '2022-10-05 19:56:36', '2023-09-24 15:56:37'),
(15, 15, 1, 696.00, 1, 696.00, 1, 100.00, 2, '', NULL, NULL, NULL, '2022-10-04', '2022-10-05 19:56:36', '2023-09-24 15:56:37'),
(16, 16, 1, 700.00, 1, 700.00, 1, 700.00, 0, '', NULL, NULL, NULL, '2022-10-04', '2022-10-05 19:56:36', '2022-10-10 21:16:43'),
(17, 17, 1, 696.00, 1, 696.00, 1, 100.00, 2, '', NULL, NULL, NULL, '2022-10-04', '2022-10-05 19:56:36', '2023-09-24 15:56:37'),
(18, 18, 1, 696.00, 1, 696.00, 1, 100.00, 2, '', NULL, NULL, NULL, '2022-10-04', '2022-10-05 19:56:36', '2023-09-24 15:56:37'),
(19, 19, 1, 696.00, 1, 696.00, 1, 100.00, 2, '', NULL, NULL, NULL, '2022-10-04', '2022-10-05 19:56:36', '2023-09-24 15:56:37'),
(20, 20, 1, 500.00, 1, 500.00, 1, 500.00, 0, '', NULL, NULL, NULL, '2022-10-04', '2022-10-05 19:56:36', '2022-10-10 21:16:43'),
(21, 22, 1, 400.00, 1, 400.00, 1, 400.00, 0, '', NULL, NULL, NULL, '2022-10-04', '2022-10-05 19:56:36', '2022-10-10 21:16:43'),
(22, 24, 1, 300.00, 1, 300.00, 1, 300.00, 0, '', NULL, NULL, NULL, '2022-10-04', '2022-10-05 19:56:36', '2022-10-10 21:16:43'),
(23, 25, 1, 600.00, 1, 600.00, 1, 600.00, 0, '', NULL, NULL, NULL, '2022-10-04', '2022-10-05 19:56:36', '2022-10-10 21:16:43'),
(24, 26, 1, 696.00, 1, 696.00, 1, 100.00, 2, '', NULL, NULL, NULL, '2022-10-04', '2022-10-05 19:56:36', '2023-09-24 15:56:37'),
(25, 28, 1, 500.00, 1, 500.00, 1, 500.00, 0, '', NULL, NULL, NULL, '2022-10-04', '2022-10-05 19:56:36', '2022-10-10 21:16:44'),
(26, 29, 1, 487.20, 1, 487.20, 1, 70.00, 2, '', NULL, NULL, NULL, '2022-10-04', '2022-10-05 19:56:36', '2023-09-24 15:56:37'),
(27, 30, 1, 696.00, 1, 696.00, 1, 100.00, 2, '', NULL, NULL, NULL, '2022-10-05', '2022-10-05 20:04:49', '2023-09-24 15:56:37'),
(28, 31, 1, 500.00, 1, 500.00, 1, 500.00, 0, '', NULL, NULL, NULL, '2022-10-05', '2022-10-05 20:05:42', '2022-10-10 21:16:44'),
(29, 32, 1, 696.00, 1, 696.00, 1, 100.00, 2, 'REGISTRO DEL TOTAL. NOTA: ESTE REGISTRO SOLO ES PARA SABER QUE SE REALIZO EL PAGO COMPLETO', 'fc_291686801067.jpg', 'ac_291686801067.pdf', 'LOS ARCHIVOS SOLO SON DEL ÚLTIMO PAGO, LOS DEMAS PAGOS SE HICIERON CON ANTERIORIDAD', '2022-10-05', '2022-10-05 20:07:26', '2023-09-24 15:56:37'),
(30, 33, 1, 696.00, 1, 696.00, 1, 100.00, 2, '', NULL, NULL, NULL, '2022-10-05', '2022-10-05 20:11:20', '2023-09-24 15:56:37'),
(31, 34, 1, 200.00, 1, 200.00, 1, 200.00, 0, '', NULL, NULL, NULL, '2022-10-05', '2022-10-05 16:43:45', '2022-10-10 21:16:44'),
(32, 35, 1, 870.00, 1, 870.00, 1, 125.00, 2, '', NULL, NULL, NULL, '2022-10-05', '2022-10-05 16:46:42', '2023-09-24 15:56:37'),
(33, 36, 1, 400.00, 1, 400.00, 1, 400.00, 0, '', NULL, NULL, NULL, '2022-10-05', '2022-10-05 16:47:27', '2022-10-10 21:16:44'),
(34, 37, 1, 835.20, 1, 835.20, 1, 120.00, 2, '', NULL, NULL, NULL, '2022-10-05', '2022-10-05 16:49:05', '2023-09-24 15:56:37'),
(35, 39, 1, 600.00, 1, 600.00, 1, 600.00, 0, '', NULL, NULL, NULL, '2022-10-05', '2022-10-05 16:55:35', '2022-10-10 21:16:44'),
(36, 40, 1, 400.00, 1, 400.00, 1, 400.00, 0, 'CANCELACIÓN TOTAL DEL SISTEMA', NULL, NULL, NULL, '2022-10-05', '2022-10-05 16:57:15', '2022-10-10 21:16:44'),
(37, 42, 1, 50.00, 1, 50.00, 1, 50.00, 0, '', NULL, NULL, NULL, '2022-10-05', '2022-10-05 17:00:13', '2022-10-10 21:16:44'),
(38, 45, 1, 50.00, 1, 50.00, 1, 50.00, 0, '', NULL, NULL, NULL, '2022-10-05', '2022-10-05 17:56:15', '2022-10-10 21:16:44'),
(39, 47, 1, 50.00, 1, 50.00, 1, 50.00, 0, '', NULL, NULL, NULL, '2022-10-05', '2022-10-05 18:18:44', '2022-10-10 21:16:44'),
(40, 48, 1, 200.00, 1, 200.00, 1, 200.00, 0, '', NULL, NULL, NULL, '2022-10-05', '2022-10-05 18:19:48', '2022-10-10 21:16:44'),
(43, 38, 1, 396.00, 1, 396.00, 1, 56.90, 2, '1ER PAGO', 'fc_431686800856.jpg', 'ac_431686800899.pdf', '', '2022-06-30', '2022-10-06 20:19:48', '2023-09-24 15:56:37'),
(44, 43, 1, 396.00, 1, 396.00, 1, 56.90, 2, 'ADELANTO SISTEMA', NULL, NULL, NULL, '2022-09-17', '2022-10-06 20:20:38', '2023-09-24 15:56:37'),
(48, 54, 2, 75.00, 1, 75.00, 1, 75.00, 0, 'CANCELACIÓN TOTAL DEL TRABAJO', NULL, NULL, NULL, '2022-10-10', '2022-10-10 21:36:53', '2022-10-10 22:25:48'),
(50, 41, 1, 400.00, 1, 400.00, 1, 57.47, 2, 'REGISTRO DE ADELANTO DEL SISTEMA', NULL, NULL, NULL, '2022-10-10', '2022-10-10 22:28:32', '2023-09-24 15:56:37'),
(51, 44, 1, 496.00, 1, 496.00, 1, 71.26, 2, 'REGISTRO DE PAGO ADELANTADO', NULL, NULL, NULL, '2022-10-10', '2022-10-10 22:30:28', '2023-09-24 15:56:37'),
(53, 49, 1, 100.00, 1, 100.00, 1, 14.37, 2, 'REGISTRO DE PAGO ADELANTADO', 'fc_531686801331.jpg', NULL, '', '2022-09-29', '2022-10-10 22:31:32', '2023-09-24 15:56:37'),
(55, 50, 1, 300.00, 1, 300.00, 1, 43.10, 2, '1ER PAGO DE ADELANTO', 'fc_551686801228.jpg', NULL, '', '2022-09-29', '2022-10-10 22:44:31', '2023-09-24 15:56:37'),
(56, 21, 1, 400.00, 1, 400.00, 1, 57.47, 2, '1RA CUOTA', NULL, NULL, NULL, '2022-10-10', '2022-10-10 22:58:26', '2023-09-24 15:56:37'),
(57, 51, 1, 300.00, 1, 300.00, 1, 300.00, 0, 'PAGO TOTAL', NULL, 'ac_571686801469.jpg', '', '2022-10-11', '2022-10-12 09:06:52', '2023-06-15 03:57:49'),
(58, 55, 1, 300.00, 1, 300.00, 1, 43.10, 2, 'ADELANTO DE PAGO, POR LA REALIZACIÓN DE LOS PRIMEROS MODULOS DEL SISTEMA (CONFIGURACION, USUARIOS, FORMULARIO 4, DETALLE FORMULARIO, FORMULARIO 5 Y CERTIFICACION)', 'fc_581686801557.jpg', NULL, '', '2022-10-14', '2022-10-14 10:35:40', '2023-09-24 15:56:37'),
(59, 44, 1, 200.00, 1, 200.00, 1, 28.74, 2, 'PAGO FINAL DEL SISTEMA', 'fc_591686801647.jpg', NULL, '', '2022-10-19', '2022-10-19 14:57:17', '2023-09-24 15:56:37'),
(60, 41, 1, 100.00, 1, 100.00, 1, 14.37, 2, 'MONTO, CUOTA DEL SISTEMA', 'fc_601686801628.jpg', NULL, '', '2022-10-19', '2022-10-19 14:58:24', '2023-09-24 15:56:37'),
(61, 49, 1, 596.00, 1, 596.00, 1, 85.63, 2, 'ULTIMO PAGO DEL SISTEMA', 'fc_611686801717.jpg', 'ac_611686801821.pdf', 'EL DOCUMENTO DE COMPROBANTE MUESTRA EL PAGO EN CONJUNTO DE MEGALABS Y SISGEN', '2022-10-27', '2022-10-27 15:07:10', '2023-09-24 15:56:37'),
(62, 56, 1, 300.00, 1, 300.00, 1, 43.10, 2, 'PAGO POR ADELANTADO', 'fc_621686801748.jpg', 'ac_621686801808.pdf', 'EL DOCUMENTO DE COMPROBANTE MUESTRA EL PAGO EN CONJUNTO DE MEGALABS Y SISGEN', '2022-10-27', '2022-10-27 15:07:51', '2023-09-24 15:56:37'),
(63, 57, 1, 300.00, 1, 300.00, 1, 300.00, 0, 'ADELANTO DE PAGO, POR ENVIÓ DE AVANCES (IMAGENES, BD Y AVANCE DEL SISTEMA VIA LINK GITHUB)', 'fc_631686801903.jpg', 'ac_631686801903.jpg', '', '2022-11-03', '2022-11-03 18:08:02', '2023-06-15 04:05:03'),
(64, 50, 1, 396.00, 1, 396.00, 1, 56.90, 2, 'ULTIMO PAGO SISTEMA', NULL, NULL, NULL, '2022-11-17', '2022-11-17 11:00:39', '2023-09-24 15:56:37'),
(65, 43, 1, 300.00, 1, 300.00, 1, 43.10, 2, 'ULTIMA CUOTA DE SISTEMA', NULL, NULL, NULL, '2022-11-17', '2022-11-17 11:01:36', '2023-09-24 15:56:37'),
(66, 57, 1, 200.00, 1, 200.00, 1, 200.00, 0, 'ÚLTIMA CUOTA DE SISTEMA', NULL, NULL, NULL, '2022-11-17', '2022-11-17 11:08:44', '2022-11-17 11:08:44'),
(67, 58, 1, 100.00, 1, 100.00, 1, 100.00, 0, 'PAGO TOTAL DE MODIFICACIONES/ARREGLO SISTEMA WEBUASB', NULL, NULL, NULL, '2022-11-17', '2022-11-17 11:09:45', '2022-11-17 11:09:45'),
(68, 41, 1, 100.00, 1, 100.00, 1, 14.37, 2, 'CUOTA DEL SISTEMA', NULL, NULL, NULL, '2022-11-17', '2022-11-17 11:10:30', '2023-09-24 15:56:37'),
(69, 55, 1, 500.00, 1, 500.00, 1, 71.84, 2, 'PAGO CUOTA DEL SISTEMA', 'fc_691688574703.jpg', NULL, '', '2022-11-22', '2022-11-22 09:48:45', '2023-09-24 15:56:37'),
(70, 55, 1, 200.00, 1, 200.00, 1, 28.74, 2, 'PAGO CUOTA DEL SISTEMA', 'fc_701688574658.jpg', NULL, '', '2022-11-27', '2022-11-27 21:30:46', '2023-09-24 15:56:37'),
(71, 59, 1, 400.00, 1, 400.00, 1, 57.47, 2, 'PAGO CUOTA DEL SISTEMA', NULL, NULL, NULL, '2022-11-29', '2022-11-29 14:55:49', '2023-09-24 15:56:37'),
(72, 61, 6, 150.00, 1, 150.00, 1, 150.00, 0, 'PAGO TOTAL', NULL, NULL, NULL, '2022-11-30', '2022-11-30 08:27:10', '2022-11-30 08:27:10'),
(73, 62, 1, 100.00, 1, 100.00, 1, 100.00, 0, 'PAGO TOTAL DEL TRABAJO', NULL, NULL, NULL, '2022-12-05', '2022-12-05 19:46:59', '2022-12-05 19:46:59'),
(74, 60, 1, 500.00, 1, 500.00, 1, 500.00, 0, 'PAGO TOTAL DEL TRABAJO', 'fc_741688574460.jpg', NULL, '', '2022-12-07', '2022-12-28 04:12:25', '2023-07-05 16:27:40'),
(75, 59, 1, 504.80, 1, 504.80, 1, 72.53, 2, 'PAGO FINAL DEL TRABAJO', 'fc_751688574407.jpg', NULL, '', '2022-12-27', '2022-12-28 04:13:46', '2023-09-24 15:56:37'),
(76, 63, 1, 696.00, 1, 696.00, 1, 100.00, 2, 'PRIMER PAGO SISTEMA', 'fc_761688574344.jpg', NULL, '', '2023-01-14', '2023-01-24 16:00:26', '2023-09-24 15:56:37'),
(77, 41, 1, 96.00, 1, 96.00, 1, 13.79, 2, 'ULTIMO PAGO DEL SISTEMA', 'fc_771688574234.jpg', NULL, '', '2023-01-24', '2023-01-24 16:00:51', '2023-09-24 15:56:37'),
(78, 56, 1, 200.00, 1, 200.00, 1, 28.74, 2, 'CUOTA PAGO SISTEMA', 'fc_781688574268.jpg', NULL, '', '2023-01-24', '2023-01-24 16:03:19', '2023-09-24 15:56:37'),
(79, 55, 1, 100.00, 1, 100.00, 1, 14.37, 2, 'CUOTA PAGO SISTEMA', 'fc_791688574250.jpg', NULL, '', '2023-01-24', '2023-01-24 16:03:50', '2023-09-24 15:56:37'),
(80, 67, 2, 115.00, 1, 115.00, 1, 115.00, 0, 'CANCELACIÓN DEL TRABAJO', NULL, NULL, NULL, '2023-03-01', '2023-03-02 13:32:55', '2023-03-02 13:33:19'),
(81, 64, 1, 350.00, 1, 350.00, 1, 350.00, 0, 'PAGO TOTAL MODIFICACIONES DEL SISTEMA PRENDASOL', NULL, NULL, NULL, '2023-03-02', '2023-03-02 21:45:15', '2023-03-02 21:45:15'),
(82, 65, 1, 200.00, 1, 200.00, 1, 200.00, 0, 'PAGO COMPLETO SOBRE MODIFICACIONES DEL SISTEMA', NULL, NULL, NULL, '2023-03-02', '2023-03-02 21:45:40', '2023-03-02 21:45:40'),
(83, 69, 1, 50.00, 1, 50.00, 1, 50.00, 0, 'PAGO COMPLETO DEL TRABAJO', NULL, NULL, NULL, '2023-03-08', '2023-03-08 16:35:48', '2023-03-08 16:35:48'),
(84, 68, 1, 256.00, 1, 256.00, 1, 256.00, 0, 'PAGO TOTAL', NULL, 'ac_841688574080.pdf', '', '2023-03-18', '2023-03-20 17:27:54', '2023-07-05 16:21:20'),
(85, 71, 1, 100.00, 1, 100.00, 1, 100.00, 0, 'PAGO TOTAL DEL TRABAJO', NULL, 'ac_851688574044.jpg', '', '2023-03-22', '2023-03-22 21:01:29', '2023-07-05 16:20:44'),
(86, 29, 1, 200.00, 1, 200.00, 1, 28.74, 2, 'CUOTA PAGO', 'fc_861688573956.jpg', 'ac_861688573956.jpg', 'EL ARCHIVO COMPROBANTE ES DE NUEVAERA Y WEBDELIVERY (696 Y 200 RESPECTIVAMENTE)', '2023-03-31', '2023-03-31 15:58:18', '2023-09-24 15:56:37'),
(87, 63, 1, 696.00, 1, 696.00, 1, 100.00, 2, 'UITIMO PAGO DEL SISTEMA', 'fc_871688573880.jpg', 'ac_871688573880.jpg', 'EL ARCHIVO COMPROBANTE ES DE NUEVAERA Y WEBDELIVERY (696 Y 200 RESPECTIVAMENTE)', '2023-03-31', '2023-03-31 15:58:45', '2023-09-24 15:56:37'),
(88, 70, 1, 200.00, 1, 200.00, 1, 200.00, 0, 'PAGO TOTAL DEL TRABAJO', NULL, 'ac_881688573718.jpg', 'SOLO SE RECIBIO LA FOTO DEL BANCO', '2023-04-11', '2023-04-11 14:38:01', '2023-07-05 16:15:18'),
(89, 73, 1, 50.00, 1, 50.00, 1, 50.00, 0, 'PAGO TOTAL DEL TRABAJO', NULL, NULL, NULL, '2023-04-14', '2023-04-14 21:11:43', '2023-04-14 21:11:43'),
(90, 74, 1, 350.00, 1, 350.00, 1, 50.29, 2, 'PAGO CUOTA', 'fc_901688573512.jpg', 'ac_901688573595.pdf', 'EL ARCHIVO COMPROBANTE SON DE LOS SISTEMAS:SISTEMABI E IVORFID (350 Y 50 RESPECTIVAMENTE)', '2023-04-14', '2023-04-14 21:12:49', '2023-09-24 15:56:37'),
(91, 77, 1, 350.00, 1, 350.00, 1, 50.29, 2, 'CUOTA PAGO DEL SISTEMA', NULL, NULL, NULL, '2023-04-26', '2023-04-26 15:29:38', '2023-09-24 15:56:37'),
(92, 78, 1, 50.00, 1, 50.00, 1, 50.00, 0, 'PAGO TOTAL DEL TRABAJO', NULL, 'ac_921688573617.pdf', 'EL ARCHIVO COMPROBANTE SON DE LOS SISTEMAS:SISTEMABI E IVORFID (350 Y 50 RESPECTIVAMENTE)', '2023-04-26', '2023-04-26 15:31:48', '2023-07-05 16:13:37'),
(93, 80, 1, 100.00, 1, 100.00, 1, 100.00, 0, 'ADELANTO DE PAGO', 'fc_931688572890.jpg', 'ac_931688572890.jpg', '', '2023-05-31', '2023-06-01 01:47:13', '2023-07-05 16:01:30'),
(94, 82, 1, 696.00, 1, 696.00, 1, 100.00, 2, 'CUOTA PAGO', 'fc_941688572704.jpg', 'ac_941688572773.jpg', '', '2023-05-31', '2023-06-04 21:31:47', '2023-09-24 15:56:37'),
(95, 46, 1, 696.00, 1, 696.00, 1, 100.00, 2, 'PAGO TOTAL DEL TRABAJO', 'fc_951686679631.jpg', 'ac_951686679631.jpg', 'EL ARCHIVO ES UNA FOTO CON UNA TRANSFERENCIA, QUE CONTIENE LOS PAGOS DE LOS SISTEMAS: SISTEMABI, SAV Y HELPDESK', '2023-06-13', '2023-06-13 18:07:11', '2023-09-24 15:56:37'),
(96, 77, 1, 346.00, 1, 346.00, 1, 49.71, 2, 'ULTIMO PAGO TRABAJO', 'fc_961686679705.jpg', 'ac_961686679705.jpg', 'EL ARCHIVO ES UNA FOTO CON UNA TRANSFERENCIA, QUE CONTIENE LOS PAGOS DE LOS SISTEMAS: SISTEMABI, SAV Y HELPDESK', '2023-06-13', '2023-06-13 18:08:25', '2023-09-24 15:56:37'),
(97, 74, 1, 346.00, 1, 346.00, 1, 49.71, 2, 'ULTIMO PAGO TRABAJO', 'fc_971686679756.jpg', 'ac_971686679756.jpg', 'EL ARCHIVO ES UNA FOTO CON UNA TRANSFERENCIA, QUE CONTIENE LOS PAGOS DE LOS SISTEMAS: HELPDESK, SISTEMABI Y HELPDESK', '2023-06-13', '2023-06-13 18:09:16', '2023-09-24 15:56:37'),
(98, 72, 1, 100.00, 1, 100.00, 1, 100.00, 0, 'PAGO TOTAL DEL TRABAJO', 'fc_981688084033.jpg', 'ac_981688084033.jpg', 'ARCHIVO DE COMPROBANTE COMO FOTO DE SISRETP Y MULTIDENT(ADELANTO)', '2023-06-29', '2023-06-30 00:13:53', '2023-06-30 00:13:53'),
(99, 84, 1, 696.00, 1, 696.00, 1, 100.00, 2, 'PAGO DE ADELANTO 1', 'fc_991688084067.jpg', 'ac_991688084067.jpg', 'ARCHIVO DE COMPROBANTE COMO FOTO DE SISRETP Y MULTIDENT(ADELANTO)', '2023-06-29', '2023-06-30 00:14:27', '2025-05-08 00:23:00'),
(100, 76, 1, 100.00, 1, 100.00, 1, 100.00, 0, 'PAGO TOTAL DEL TRABAJO', NULL, 'ac_1001688573012.jpg', 'NO SE RECIBIO LA FOTO DEL COMPROBANTE, SOLO FOTO DEL BANCO', '2023-05-16', '2023-07-05 16:03:32', '2023-07-05 16:03:32'),
(101, 75, 1, 200.00, 1, 200.00, 1, 200.00, 0, 'PAGO TOTAL SOBRE MODIFICACIONES WEBUASB', NULL, 'ac_1011688573156.jpg', 'SOLO SE RECIBIO LA FOTO DEL PAGO BANCO, SIN EL COMBROBANTE', '2023-05-08', '2023-07-05 16:05:56', '2023-07-05 16:06:23'),
(102, 83, 1, 400.00, 1, 400.00, 1, 400.00, 0, 'PAGO TOTAL DEL TRABAJO', 'fc_1021690467501.jpg', 'ac_1021690467501.jpg', 'LA IMAGEN DEL COMPROBANTE HACE REFERENCIA A LOS SISTEMAS SEOCAMRFID Y DGIR, 400 Y 250 BOLIVIANOS RESPECTIVAMENTE', '2023-07-27', '2023-07-27 14:18:21', '2023-07-27 14:18:21'),
(103, 85, 1, 250.00, 1, 250.00, 1, 250.00, 0, 'PAGO TOTAL DEL TRABAJO', 'fc_1031690467536.jpg', 'ac_1031690467536.jpg', 'LA IMAGEN DEL COMPROBANTE HACE REFERENCIA A LOS SISTEMAS SEOCAMRFID Y DGIR, 400 Y 250 BOLIVIANOS RESPECTIVAMENTE', '2023-07-27', '2023-07-27 14:18:56', '2023-07-27 14:18:56'),
(104, 87, 6, 68.00, 1, 68.00, 1, 68.00, 0, 'PAGO COMPLETO DEL TRABAJO', NULL, NULL, '', '2023-08-02', '2023-08-04 13:52:58', '2023-08-04 13:52:58'),
(105, 88, 6, 10.00, 1, 10.00, 1, 10.00, 0, 'PAGO COMPLETO DEL TRABAJO', NULL, NULL, '', '2023-08-02', '2023-08-04 13:53:14', '2023-08-04 13:53:14'),
(106, 89, 1, 300.00, 1, 300.00, 1, 300.00, 0, 'PAGO COMPLETO', NULL, NULL, '', '2023-08-10', '2023-08-10 14:39:48', '2023-08-10 14:39:48'),
(107, 21, 1, 500.00, 1, 500.00, 1, 71.84, 2, 'PAGO FINAL DEL TRABAJO', NULL, NULL, 'SIN ARCHIVOS. PAGO REALIZADO POR QR(ENVIADO POR MÍ)', '2023-08-18', '2023-08-19 02:51:21', '2023-09-24 15:56:37'),
(108, 86, 1, 600.00, 1, 600.00, 1, 600.00, 0, 'PAGO TOTAL DEL TRABAJO', 'fc_1081692991450.jpg', NULL, '', '2023-08-25', '2023-08-25 19:24:10', '2023-08-25 19:24:10'),
(109, 90, 1, 200.00, 1, 200.00, 1, 28.74, 2, 'ADELANTO', 'fc_1091692991473.jpg', NULL, '', '2023-08-25', '2023-08-25 19:24:33', '2023-09-24 15:56:37'),
(110, 91, 6, 25.00, 1, 25.00, 1, 25.00, 0, 'PAGO TOTAL', NULL, NULL, 'PAGO TOTAL POR TRANSFERENCIA 85 BS. (25 DE ESTE TRABAJO)', '2023-08-30', '2023-09-08 03:42:03', '2023-09-08 03:42:03'),
(111, 92, 6, 20.00, 1, 20.00, 1, 20.00, 0, 'PAGO TOTAL', NULL, NULL, 'PAGO TOTAL POR TRANSFERENCIA 85 BS. (20 DE ESTE TRABAJO)', '2023-08-30', '2023-09-08 03:42:25', '2023-09-08 03:42:25'),
(112, 93, 6, 20.00, 1, 20.00, 1, 20.00, 0, 'PAGO TOTAL', NULL, NULL, 'PAGO TOTAL POR TRANSFERENCIA 85 BS. (20 DE ESTE TRABAJO)', '2023-08-30', '2023-09-08 03:42:44', '2023-09-08 03:42:44'),
(113, 94, 6, 20.00, 1, 20.00, 1, 2.87, 2, 'PAGO TOTAL', NULL, NULL, 'PAGO TOTAL POR TRANSFERENCIA 85 BS. (20 DE ESTE TRABAJO)', '2023-08-30', '2023-09-08 03:43:03', '2023-09-24 15:56:37'),
(127, 98, 1, 400.00, 1, 400.00, 1, 57.39, 2, '1ER ADELANTO DEL PAGO', 'fc_1271695677840.jpg', 'ac_1271695677840.jpg', 'COMPROBANTE Y ARCHIVO SON IMAGENES', '2023-09-25', '2023-09-25 21:37:20', '2023-09-25 21:37:20'),
(128, 99, 1, 200.00, 1, 200.00, 1, 200.00, 0, 'PAGO TOTAL DEL TRABAJO', 'fc_1281695678696.jpg', 'ac_1281695678696.jpg', 'AMBOS SON IMAGENES', '2023-09-25', '2023-09-25 21:51:36', '2023-09-25 21:51:36'),
(129, 100, 3, 100.00, 1, 100.00, 1, 100.00, 0, 'PAGO TOTAL TRABAJO', NULL, 'ac_1291695678854.jpg', 'SOLO ARCHIVO COMPROBANTE EN IMAGEN', '2023-09-25', '2023-09-25 21:54:14', '2023-09-25 21:54:14'),
(130, 102, 1, 50.00, 1, 50.00, 1, 50.00, 0, 'PAGO TOTA', 'fc_1301695679392.jpg', 'ac_1301695679562.jpg', 'COMPROBANTE (WEBGYM 50BS. - WEBCENTROEM 300 BS.) | ARCHIVO (WEBGYM50BS-WEBCENTROEM300BS-COAX600BS)', '2023-09-25', '2023-09-25 22:03:12', '2023-09-25 22:06:02'),
(131, 80, 1, 300.00, 1, 300.00, 1, 300.00, 0, 'PAGO TOTAL TRABAJO', 'fc_1311695679424.jpg', 'ac_1311695679555.jpg', 'COMPROBANTE (WEBGYM 50BS. - WEBCENTROEM 300 BS.) | ARCHIVO (WEBGYM50BS-WEBCENTROEM300BS-COAX600BS)', '2023-09-25', '2023-09-25 22:03:44', '2023-09-25 22:05:55'),
(132, 23, 1, 600.00, 1, 600.00, 1, 86.21, 2, '1ER PAGO SISTEMA', 'fc_1321695679517.jpg', 'ac_1321695679549.jpg', 'COMPROBANTE (WEBGYM 50BS. - WEBCENTROEM 300 BS.) | ARCHIVO (WEBGYM50BS-WEBCENTROEM300BS-COAX600BS)', '2023-09-25', '2023-09-25 22:05:17', '2023-09-25 22:05:49'),
(133, 82, 1, 400.00, 1, 400.00, 1, 57.47, 2, 'CUOTA PAGO', 'fc_1331695694121.jpg', NULL, '', '2023-09-25', '2023-09-26 02:08:41', '2023-09-26 02:08:41'),
(134, 105, 6, 20.00, 1, 20.00, 1, 20.00, 0, 'PAGO COMPLETO TRABAJO. SIN COMPROBANTE DE ARCHIVO. (EL PAGO SE REALIZÓ EN CONJUNTO CON LOS DEMAS PAGOS SUMANDO UN TOTAL DE 165 BS. (CE * 6 + MODIFICACIONES SISTEMA TO-DO)', NULL, NULL, '', '2023-10-08', '2023-10-08 14:17:37', '2023-10-08 14:17:37'),
(135, 104, 6, 20.00, 1, 20.00, 1, 20.00, 0, 'PAGO COMPLETO TRABAJO. SIN COMPROBANTE DE ARCHIVO. (EL PAGO SE REALIZÓ EN CONJUNTO CON LOS DEMAS PAGOS SUMANDO UN TOTAL DE 165 BS. (CE * 6 + MODIFICACIONES SISTEMA TO-DO)', NULL, NULL, '', '2023-10-08', '2023-10-08 14:17:44', '2023-10-08 14:17:44'),
(136, 103, 6, 20.00, 1, 20.00, 1, 20.00, 0, 'PAGO COMPLETO TRABAJO. SIN COMPROBANTE DE ARCHIVO. (EL PAGO SE REALIZÓ EN CONJUNTO CON LOS DEMAS PAGOS SUMANDO UN TOTAL DE 165 BS. (CE * 6 + MODIFICACIONES SISTEMA TO-DO)', NULL, NULL, '', '2023-10-08', '2023-10-08 14:17:53', '2023-10-08 14:17:53'),
(137, 97, 6, 25.00, 1, 25.00, 1, 25.00, 0, 'PAGO COMPLETO TRABAJO. SIN COMPROBANTE DE ARCHIVO. (EL PAGO SE REALIZÓ EN CONJUNTO CON LOS DEMAS PAGOS SUMANDO UN TOTAL DE 165 BS. (CE * 6 + MODIFICACIONES SISTEMA TO-DO)', NULL, NULL, '', '2023-10-08', '2023-10-08 14:18:01', '2023-10-08 14:18:01'),
(138, 96, 6, 10.00, 1, 10.00, 1, 10.00, 0, 'PAGO COMPLETO TRABAJO. SIN COMPROBANTE DE ARCHIVO. (EL PAGO SE REALIZÓ EN CONJUNTO CON LOS DEMAS PAGOS SUMANDO UN TOTAL DE 165 BS. (CE * 6 + MODIFICACIONES SISTEMA TO-DO)', NULL, NULL, '', '2023-10-08', '2023-10-08 14:18:10', '2023-10-08 14:18:10'),
(139, 95, 6, 20.00, 1, 20.00, 1, 20.00, 0, 'PAGO COMPLETO TRABAJO. SIN COMPROBANTE DE ARCHIVO. (EL PAGO SE REALIZÓ EN CONJUNTO CON LOS DEMAS PAGOS SUMANDO UN TOTAL DE 165 BS. (CE * 6 + MODIFICACIONES SISTEMA TO-DO)', NULL, NULL, '', '2023-10-08', '2023-10-08 14:18:16', '2023-10-08 14:18:16'),
(140, 108, 6, 50.00, 1, 50.00, 1, 50.00, 0, 'PAGO COMPLETO TRABAJO. SIN COMPROBANTE DE ARCHIVO. (EL PAGO SE REALIZÓ EN CONJUNTO CON LOS DEMAS PAGOS SUMANDO UN TOTAL DE 165 BS. (CE * 6 + MODIFICACIONES SISTEMA TO-DO)', NULL, NULL, '', '2023-10-08', '2023-10-08 14:18:28', '2023-10-08 14:18:28'),
(141, 109, 1, 50.00, 1, 50.00, 1, 50.00, 0, 'PAGO TOTAL TRABAJO', NULL, 'ac_1411697165226.jpg', 'SOLO ARCHIVO', '2023-10-12', '2023-10-13 02:47:06', '2023-10-13 02:47:06'),
(142, 107, 1, 100.00, 1, 100.00, 1, 100.00, 0, 'PAGO TOTAL', NULL, 'ac_1421697654902.jpg', '', '2023-10-18', '2023-10-18 18:48:22', '2023-10-18 18:48:22'),
(143, 112, 3, 50.00, 1, 50.00, 1, 50.00, 0, 'PAGO TOTAL DEL TRABAJO', 'fc_1431698420915.jpg', NULL, '', '2023-10-27', '2023-10-27 15:35:15', '2023-10-27 15:35:15'),
(144, 111, 1, 400.00, 1, 400.00, 1, 400.00, 0, 'PAGO TOTAL DEL TRABAJO', 'fc_1441698422239.jpg', 'ac_1441698422051.jpg', 'CON AMBOS ARCHIVOS', '2023-10-27', '2023-10-27 15:54:11', '2023-10-27 15:57:19'),
(145, 110, 1, 50.00, 1, 50.00, 1, 50.00, 0, 'PAGO TOTAL DEL TRABAJO', NULL, NULL, 'SIN ARCHIVOS', '2023-10-30', '2023-10-31 21:57:26', '2023-10-31 21:57:26'),
(146, 113, 1, 100.00, 1, 100.00, 1, 100.00, 0, 'PAGO TOTAL DEL TRABAJO', 'fc_1461698789639.jpg', NULL, '', '2023-10-30', '2023-10-31 22:00:39', '2023-10-31 22:00:39'),
(147, 23, 1, 350.00, 1, 350.00, 1, 50.22, 2, 'PAGO CUOTA', 'fc_1471699458704.jpg', 'ac_1471699458704.jpg', '', '2023-11-08', '2023-11-08 15:51:44', '2023-11-08 15:51:44'),
(148, 114, 6, 60.00, 1, 60.00, 1, 60.00, 0, 'PAGO COMPLETO DEL TRABAJO', NULL, NULL, '', '2023-11-08', '2023-11-10 18:54:59', '2023-11-10 18:54:59'),
(149, 106, 3, 700.00, 1, 700.00, 1, 100.00, 2, 'PAGO ADELANTO', NULL, 'ac_1491699642569.jpg', '', '2023-11-10', '2023-11-10 18:56:09', '2025-03-13 12:41:39'),
(150, 117, 1, 200.00, 1, 200.00, 1, 200.00, 0, 'PAGO COMPLETO DEL TRABAJO', NULL, NULL, '', '2023-11-15', '2023-11-15 17:26:38', '2023-11-15 17:26:38'),
(151, 119, 1, 100.00, 1, 100.00, 1, 100.00, 0, 'PAGO TOTAL DEL TRABAJO', NULL, NULL, 'SIN ARCHIVOS', '2023-11-19', '2023-11-22 22:42:06', '2023-11-22 22:42:06'),
(152, 118, 6, 425.00, 1, 425.00, 1, 425.00, 0, '1ER PAGO', NULL, NULL, '', '2023-11-23', '2023-11-24 03:16:45', '2023-11-24 03:16:45'),
(153, 56, 1, 196.00, 1, 196.00, 1, 28.16, 2, 'PAGO COMPLETO DEL SISTEMA', NULL, 'ac_1531701224953.jpg', '', '2023-11-28', '2023-11-29 02:29:13', '2023-11-29 02:29:13'),
(154, 120, 1, 200.00, 1, 200.00, 1, 200.00, 0, 'PAGO TOTAL DEL TRABAJO', NULL, 'ac_1541701291597.jpg', '', '2023-11-29', '2023-11-29 20:59:57', '2023-11-29 20:59:57'),
(155, 106, 3, 700.00, 1, 700.00, 1, 100.00, 2, 'PAGO FINAL DEL TRABAJO', 'fc_1551701732220.jpg', NULL, '', '2023-12-04', '2023-12-04 23:23:40', '2025-03-13 12:41:39'),
(156, 115, 1, 200.00, 1, 200.00, 1, 200.00, 0, 'CUOTA PAGO', 'fc_1561701740979.jpg', 'ac_1561701740979.jpg', '', '2023-12-04', '2023-12-05 01:49:39', '2023-12-05 01:49:39'),
(157, 121, 6, 45.00, 1, 45.00, 1, 45.00, 0, 'PAGO TOTAL TRABAJO', NULL, NULL, '', '2023-12-05', '2023-12-05 21:36:57', '2023-12-05 21:36:57'),
(158, 118, 6, 212.50, 1, 212.50, 1, 212.50, 0, 'PAGO CUOTA', 'fc_1581701830287.jpg', NULL, '', '2023-12-05', '2023-12-06 02:38:07', '2023-12-06 02:38:07'),
(159, 123, 1, 300.00, 1, 300.00, 1, 300.00, 0, 'PAGO TOTAL DEL TRABAJO', NULL, 'ac_1591702123835.pdf', 'ARCHIVO TOTAL DEL SISTEMA WEBCENTROEM (300BS) Y AGREGACION SUSCURSAL AV. BUENOS AIRES PRENDASOL(50BS)', '2023-12-09', '2023-12-09 12:10:35', '2023-12-09 12:10:35'),
(160, 125, 1, 50.00, 1, 50.00, 1, 50.00, 0, 'PAGO TOTAL DEL TRABAJO', NULL, 'ac_1601702123857.pdf', 'ARCHIVO TOTAL DEL SISTEMA WEBCENTROEM (300BS) Y AGREGACION SUSCURSAL AV. BUENOS AIRES PRENDASOL(50BS)', '2023-12-08', '2023-12-09 12:10:57', '2023-12-09 12:10:57'),
(161, 124, 6, 287.50, 1, 287.50, 1, 287.50, 0, 'PAGO TOTAL DEL TRABAJO', NULL, NULL, '', '2023-12-12', '2023-12-12 21:52:34', '2023-12-12 21:52:34'),
(162, 118, 6, 212.50, 1, 212.50, 1, 212.50, 0, 'PAGO TOTAL DEL TRABAJO', NULL, NULL, '', '2023-12-12', '2023-12-12 21:52:52', '2023-12-12 21:52:52'),
(163, 127, 6, 30.00, 1, 30.00, 1, 30.00, 0, 'PAGO COMPLETO', NULL, NULL, '', '2023-12-15', '2023-12-15 14:52:29', '2023-12-15 14:52:29'),
(164, 116, 1, 350.00, 1, 350.00, 1, 50.29, 2, 'PAGO CUOTA', 'fc_1641703119690.jpg', NULL, '', '2023-12-20', '2023-12-21 00:48:10', '2023-12-21 00:54:43'),
(165, 98, 1, 200.00, 1, 200.00, 1, 28.69, 2, 'PAGO CUOTA', 'fc_1651703119769.jpg', NULL, '', '2023-12-20', '2023-12-21 00:49:29', '2023-12-21 00:49:29'),
(166, 122, 1, 400.00, 1, 400.00, 1, 400.00, 0, 'PAGO TOTAL TRABAJO', 'fc_1661703119814.jpg', NULL, '', '2023-12-20', '2023-12-21 00:50:14', '2023-12-21 00:50:14'),
(167, 126, 1, 350.00, 1, 350.00, 1, 50.29, 2, 'PAGO CUOTA', 'fc_1671703119882.jpg', NULL, '', '2023-12-20', '2023-12-21 00:51:22', '2023-12-21 00:51:22'),
(168, 35, 1, 300.00, 1, 300.00, 1, 43.10, 2, 'PAGO CUOTA', 'fc_1681703119944.jpg', NULL, '', '2023-12-20', '2023-12-21 00:52:24', '2023-12-21 00:52:24'),
(169, 90, 1, 635.20, 1, 635.20, 1, 91.26, 2, 'PAGO TOTAL', 'fc_1691703119991.jpg', NULL, '', '2023-12-20', '2023-12-21 00:53:11', '2023-12-21 00:53:11'),
(170, 128, 1, 200.00, 1, 200.00, 1, 200.00, 0, 'PAGO CUOTA', 'fc_1701704236931.jpg', NULL, '', '2023-12-30', '2024-01-02 23:08:51', '2024-01-02 23:08:51'),
(171, 129, 1, 50.00, 1, 50.00, 1, 50.00, 0, 'PAGO TOTAL', NULL, 'ac_1711704757526.jpg', '', '2024-01-05', '2024-01-08 23:45:26', '2024-01-08 23:45:26'),
(172, 23, 1, 200.00, 1, 200.00, 1, 28.69, 2, 'PAGO CUOTA', 'fc_1721704898785.jpg', NULL, '', '2024-01-10', '2024-01-10 14:59:45', '2024-01-10 14:59:45'),
(173, 126, 1, 346.00, 1, 346.00, 1, 49.71, 2, 'PAGO FINAL', 'fc_1731704898840.jpg', NULL, '', '2024-01-10', '2024-01-10 15:00:40', '2024-01-10 15:00:40'),
(174, 131, 1, 150.00, 1, 150.00, 1, 150.00, 0, 'PAGO CUOTA', 'fc_1741704898878.jpg', NULL, '', '2024-01-10', '2024-01-10 15:01:18', '2024-01-10 15:01:18'),
(175, 115, 1, 300.00, 1, 300.00, 1, 300.00, 0, 'PAGO FINAL', 'fc_1751704898924.jpg', NULL, '', '2024-01-10', '2024-01-10 15:02:04', '2024-01-10 15:02:04'),
(176, 128, 1, 300.00, 1, 300.00, 1, 300.00, 0, 'PAGO FINAL', 'fc_1761704898962.jpg', NULL, '', '2024-01-10', '2024-01-10 15:02:42', '2024-01-10 15:02:42'),
(177, 84, 1, 300.00, 1, 300.00, 1, 43.10, 2, 'CUTO PAGO', 'fc_1771706636813.jpg', NULL, NULL, '2024-01-29', '2024-01-30 17:46:53', '2025-05-08 00:23:00'),
(178, 132, 1, 50.00, 1, 50.00, 1, 50.00, 0, 'PAGO TOTAL TRABAJO', 'fc_1781706636855.jpg', NULL, '', '2024-01-29', '2024-01-30 17:47:35', '2024-01-30 17:47:35'),
(179, 130, 1, 100.00, 1, 100.00, 1, 100.00, 0, 'PAGO FINAL', 'fc_1791706636889.jpg', NULL, '', '2024-01-29', '2024-01-30 17:48:09', '2024-01-30 17:48:09'),
(180, 116, 1, 200.00, 1, 200.00, 1, 28.74, 2, 'PAGO CUOTA', 'fc_1801706636947.jpg', NULL, '', '2024-01-29', '2024-01-30 17:49:07', '2024-01-30 17:49:07'),
(181, 133, 1, 300.00, 1, 300.00, 1, 43.10, 2, 'PAGO ADELANTO', 'fc_1811706637110.jpg', NULL, '', '2024-01-29', '2024-01-30 17:51:50', '2024-01-30 17:51:59'),
(182, 134, 6, 60.00, 1, 60.00, 1, 60.00, 0, 'PAGO TOTAL', NULL, NULL, '', '2024-01-29', '2024-01-30 17:58:26', '2024-01-30 17:58:26'),
(183, 135, 7, 50.00, 1, 50.00, 1, 50.00, 0, 'PAGO TOTAL TRABAJO', NULL, NULL, '', '2024-01-27', '2024-01-30 17:58:54', '2024-01-30 17:58:54'),
(184, 136, 7, 40.00, 1, 40.00, 1, 40.00, 0, 'PAGO TOTAL', NULL, NULL, '', '2024-01-27', '2024-01-30 17:59:09', '2024-01-30 17:59:09'),
(185, 138, 1, 100.00, 1, 100.00, 1, 100.00, 0, 'PAGO TOTAL', 'fc_1851708974093.jpg', NULL, '', '2024-02-07', '2024-02-26 19:01:33', '2024-02-26 19:01:33'),
(186, 139, 1, 50.00, 1, 50.00, 1, 50.00, 0, 'PAGO TOTAL', NULL, NULL, '', '2024-02-14', '2024-02-26 19:01:55', '2024-02-26 19:01:55'),
(187, 142, 7, 70.00, 1, 70.00, 1, 70.00, 0, 'PAGO TOTAL', NULL, NULL, '', '2024-02-24', '2024-02-26 19:06:50', '2024-02-26 19:06:50'),
(188, 131, 1, 150.00, 1, 150.00, 1, 150.00, 0, 'ULTIMO PAGO', 'fc_1881709224441.jpg', NULL, '', '2024-02-29', '2024-02-29 16:34:01', '2024-02-29 16:34:01'),
(189, 140, 1, 300.00, 1, 300.00, 1, 300.00, 0, 'PAGO CUOTA', 'fc_1891709224481.jpg', NULL, '', '2024-02-29', '2024-02-29 16:34:41', '2024-02-29 16:34:41'),
(190, 98, 1, 100.00, 1, 100.00, 1, 14.35, 2, 'PAGO CUOTA', 'fc_1901709224530.jpg', NULL, '', '2024-02-29', '2024-02-29 16:35:30', '2024-02-29 16:35:30'),
(191, 116, 1, 146.00, 1, 146.00, 1, 20.98, 2, 'ULTIMO PAGO', 'fc_1911709224615.jpg', NULL, '', '2024-02-29', '2024-02-29 16:36:55', '2024-02-29 16:36:55'),
(192, 133, 1, 396.00, 1, 396.00, 1, 56.90, 2, 'ULTIMO PAGO', 'fc_1921709224664.jpg', NULL, '', '2024-02-29', '2024-02-29 16:37:44', '2024-02-29 16:37:44'),
(193, 137, 1, 300.00, 1, 300.00, 1, 300.00, 0, 'PAGO TOTAL', 'fc_1931709224722.jpg', NULL, '', '2024-02-29', '2024-02-29 16:38:42', '2024-02-29 16:38:42'),
(194, 66, 1, 200.00, 1, 200.00, 1, 200.00, 0, 'PAGO CUOTA', 'fc_1941712007803.jpg', NULL, '', '2024-03-30', '2024-04-01 21:43:23', '2024-04-01 21:44:58'),
(195, 144, 1, 300.00, 1, 300.00, 1, 43.04, 2, 'PAGO CUOTA', 'fc_1951712007843.jpg', NULL, '', '2024-03-30', '2024-04-01 21:44:03', '2024-04-01 21:45:20'),
(196, 147, 1, 400.00, 1, 400.00, 1, 400.00, 0, 'PAGO TOTAL', 'fc_1961712007885.jpg', NULL, '', '2024-03-30', '2024-04-01 21:44:45', '2024-04-01 21:44:45'),
(197, 146, 1, 300.00, 1, 300.00, 1, 43.04, 2, 'PAGO CUOTA', 'fc_1971712007965.jpg', NULL, '', '2024-03-30', '2024-04-01 21:46:05', '2024-04-01 21:46:05'),
(198, 148, 1, 200.00, 1, 200.00, 1, 200.00, 0, 'PAGO TOTAL', 'fc_1981712008014.jpg', NULL, '', '2024-03-30', '2024-04-01 21:46:54', '2024-04-01 21:46:54'),
(199, 145, 1, 300.00, 1, 300.00, 1, 43.10, 2, 'PAGO CUOTA', 'fc_1991712008056.jpg', NULL, '', '2024-03-30', '2024-04-01 21:47:36', '2024-04-01 21:47:36'),
(200, 150, 6, 200.00, 1, 200.00, 1, 200.00, 0, 'PAGO CUOTA', NULL, NULL, '', '2024-04-05', '2024-05-01 21:10:16', '2024-05-01 21:10:16'),
(201, 150, 6, 200.00, 1, 200.00, 1, 200.00, 0, 'PAGO FINAL', NULL, NULL, '', '2024-04-19', '2024-05-01 21:10:34', '2024-05-01 21:10:34'),
(202, 152, 1, 50.00, 1, 50.00, 1, 50.00, 0, 'PAGO TOTAL', NULL, NULL, '', '2024-04-24', '2024-05-01 21:15:02', '2024-05-01 21:15:02'),
(203, 153, 1, 50.00, 1, 50.00, 1, 50.00, 0, 'PAGO TOTAL', NULL, NULL, '', '2024-04-24', '2024-05-01 21:15:16', '2024-05-01 21:15:16'),
(204, 144, 1, 198.00, 1, 198.00, 1, 28.45, 2, 'PAGO CUOTA', 'fc_2041714598220.jpg', NULL, '', '2024-04-30', '2024-05-01 21:17:00', '2024-05-01 21:17:00'),
(205, 157, 1, 348.00, 1, 348.00, 1, 50.00, 2, 'PAGO CUOTA', 'fc_2051714598273.jpg', NULL, '', '2024-04-30', '2024-05-01 21:17:53', '2025-03-12 20:30:54'),
(206, 154, 1, 500.00, 1, 500.00, 1, 500.00, 0, 'PAGO TOTAL', 'fc_2061714598307.jpg', NULL, '', '2024-04-30', '2024-05-01 21:18:27', '2024-05-01 21:18:27'),
(207, 146, 1, 198.00, 1, 198.00, 1, 28.41, 2, 'PAGO CUOTA', 'fc_2071714598376.jpg', NULL, '', '2024-04-30', '2024-05-01 21:19:36', '2024-05-01 21:19:36'),
(208, 158, 8, 180.00, 1, 180.00, 1, 180.00, 0, 'PAGO TOTAL', 'fc_2081715879638.jpg', NULL, '', '2024-05-07', '2024-05-16 17:13:58', '2024-05-16 17:13:58'),
(209, 143, 7, 120.00, 1, 120.00, 1, 120.00, 0, 'PAGO TOTAL', NULL, NULL, '', '2024-03-08', '2024-05-16 17:18:39', '2024-05-16 17:18:39'),
(210, 162, 6, 50.00, 1, 50.00, 1, 50.00, 0, 'PAGO TOTAL', NULL, NULL, '', '2024-05-10', '2024-05-16 17:29:02', '2024-05-16 17:29:02'),
(211, 167, 3, 100.00, 1, 100.00, 1, 100.00, 0, 'PAGO TOTAL', NULL, NULL, '', '2024-05-22', '2024-05-22 20:30:38', '2024-05-22 20:30:38'),
(212, 160, 1, 100.00, 1, 100.00, 1, 100.00, 0, 'PAGO FINAL', 'fc_2121717077956.jpg', NULL, '', '2024-05-29', '2024-05-30 14:05:56', '2024-05-30 14:05:56'),
(213, 144, 1, 198.00, 1, 198.00, 1, 28.45, 2, 'PAGO FINAL', 'fc_2131717078028.jpg', NULL, '', '2024-05-29', '2024-05-30 14:07:08', '2024-05-30 14:07:08'),
(214, 168, 1, 100.00, 1, 100.00, 1, 100.00, 0, 'PAGO FINAL', 'fc_2141717078157.jpg', NULL, '', '2024-05-29', '2024-05-30 14:09:17', '2024-05-30 14:09:17'),
(215, 145, 1, 200.00, 1, 200.00, 1, 28.74, 2, 'PAGO FINAL', 'fc_2151717078267.jpg', NULL, '', '2024-05-29', '2024-05-30 14:11:07', '2024-05-30 14:11:07'),
(216, 163, 1, 300.00, 1, 300.00, 1, 43.10, 2, 'PAGO CUOTA', 'fc_2161717078331.jpg', NULL, '', '2024-05-29', '2024-05-30 14:12:11', '2025-03-04 01:40:40'),
(217, 161, 1, 300.00, 1, 300.00, 1, 300.00, 0, 'PAGO CUOTA', 'fc_2171717078375.jpg', NULL, '', '2024-05-29', '2024-05-30 14:12:55', '2024-05-30 14:12:55'),
(218, 146, 1, 198.00, 1, 198.00, 1, 28.45, 2, 'PAGO FINAL', 'fc_2181717078437.jpg', NULL, '', '2024-05-29', '2024-05-30 14:13:57', '2024-05-30 14:13:57'),
(219, 149, 1, 556.80, 1, 556.80, 1, 80.00, 2, 'PAGO CUOTA', 'fc_2191717078496.jpg', NULL, '', '2024-05-29', '2024-05-30 14:14:56', '2025-03-12 20:29:37'),
(220, 157, 1, 348.00, 1, 348.00, 1, 50.00, 2, 'PAGO FINAL', 'fc_2201717078549.jpg', NULL, NULL, '2024-05-29', '2024-05-30 14:15:49', '2025-03-12 20:30:54'),
(221, 169, 8, 580.00, 1, 580.00, 1, 580.00, 0, 'PAGO TOTAL', 'fc_2211717100979.jpg', NULL, '', '2024-05-29', '2024-05-30 20:29:39', '2024-05-30 20:29:39'),
(222, 155, 1, 500.00, 1, 500.00, 1, 500.00, 0, 'PAGO TOTAL', 'fc_2221717180306.jpg', NULL, '', '2024-05-29', '2024-05-31 18:31:46', '2024-05-31 18:31:46'),
(223, 165, 1, 400.00, 1, 400.00, 1, 57.47, 2, 'PAGO CUOTA', NULL, NULL, '', '2024-05-31', '2024-06-01 18:12:12', '2024-06-01 18:12:12'),
(224, 149, 1, 200.00, 1, 200.00, 1, 28.74, 2, 'PAGO CUOTA', 'fc_2241720810716.jpg', NULL, '', '2024-07-07', '2024-07-12 18:58:36', '2025-03-12 20:29:37'),
(225, 172, 1, 300.00, 1, 300.00, 1, 300.00, 0, 'PAGO CUOTA', 'fc_2251720810759.jpg', NULL, '', '2024-07-07', '2024-07-12 18:59:19', '2024-07-12 18:59:19'),
(226, 159, 1, 100.00, 1, 100.00, 1, 100.00, 0, 'PAGO TOTAL TRABAJO', 'fc_2261720810836.jpg', NULL, '', '2024-07-07', '2024-07-12 19:00:36', '2024-07-12 19:00:36'),
(227, 164, 6, 350.00, 1, 350.00, 1, 350.00, 0, 'PAGO CUOTA', NULL, NULL, '', '2024-06-19', '2024-07-12 19:04:47', '2024-07-12 19:04:47'),
(228, 165, 1, 148.00, 1, 148.00, 1, 21.26, 2, 'PAGO CUOTA', 'fc_2281722617598.jpg', NULL, '', '2024-08-01', '2024-08-02 16:53:18', '2024-08-02 16:53:18'),
(229, 98, 1, 200.00, 1, 200.00, 1, 28.69, 2, 'PAGO CUOTA', 'fc_2291722617646.jpg', NULL, '', '2024-08-01', '2024-08-02 16:54:06', '2024-08-02 16:54:06'),
(230, 161, 1, 300.00, 1, 300.00, 1, 300.00, 0, 'PAGO FINAL', 'fc_2301722617855.jpg', NULL, '', '2024-08-01', '2024-08-02 16:57:35', '2024-08-02 16:57:35'),
(231, 163, 1, 200.00, 1, 200.00, 1, 28.74, 2, 'PAGO CUOTA', 'fc_2311722617955.jpg', NULL, '', '2024-08-02', '2024-08-02 16:59:15', '2025-03-04 01:40:40'),
(232, 149, 1, 356.80, 1, 356.80, 1, 51.26, 2, 'ULTIMO PAGO SISTEMA', 'fc_2321722706671.jpg', NULL, 'ERROR EN LA DESCRIPCION \"PAGO PRENDASOL\" ES DE ETHERION', '2024-08-01', '2024-08-03 17:37:51', '2025-03-12 20:29:37'),
(233, 170, 6, 200.00, 1, 200.00, 1, 200.00, 0, 'PAGO TOTAL DEL TRABAJO', 'fc_2331723054511.jpg', NULL, 'PAGO EN CONJUNTO CON EL SISTEMA INVENTARIOS', '2024-08-05', '2024-08-07 18:15:11', '2024-08-07 18:15:11'),
(234, 164, 6, 350.00, 1, 350.00, 1, 350.00, 0, 'ULTIMO PAGO', 'fc_2341723054541.jpg', NULL, 'PAGO EN CONJUNTO CON EL SISTEMA SISMICROCREDITOS', '2024-08-05', '2024-08-07 18:15:41', '2024-08-07 18:15:41'),
(235, 172, 1, 200.00, 1, 200.00, 1, 200.00, 0, 'PAGO FINAL', 'fc_2351725298177.jpg', NULL, '', '2024-08-30', '2024-09-02 17:29:37', '2024-09-02 17:29:37'),
(236, 179, 1, 250.00, 1, 250.00, 1, 250.00, 0, 'PAGO TOTAL', 'fc_2361725298197.jpg', NULL, '', '2024-08-30', '2024-09-02 17:29:57', '2024-09-02 17:29:57'),
(237, 173, 1, 200.00, 1, 200.00, 1, 200.00, 0, 'PAGO CUOTA', 'fc_2371725298686.jpg', NULL, '', '2024-08-30', '2024-09-02 17:38:06', '2024-09-02 17:38:06'),
(238, 175, 1, 200.00, 1, 200.00, 1, 28.69, 2, 'PAGO CUOTA', 'fc_2381725298737.jpg', NULL, '', '2024-08-30', '2024-09-02 17:38:57', '2024-09-02 17:38:57'),
(239, 174, 1, 100.00, 1, 100.00, 1, 100.00, 0, 'PAGO TOTAL', 'fc_2391725298781.jpg', NULL, '', '2024-08-30', '2024-09-02 17:39:41', '2024-09-02 17:39:41'),
(240, 176, 1, 350.00, 1, 350.00, 1, 50.22, 2, 'PAGO CUOTA', 'fc_2401725298830.jpg', NULL, '', '2024-08-30', '2024-09-02 17:40:30', '2024-09-02 17:40:30'),
(241, 141, 1, 100.00, 1, 100.00, 1, 100.00, 0, 'PAGO TOTAL', 'fc_2411725298861.jpg', NULL, '', '2024-08-30', '2024-09-02 17:41:01', '2024-09-02 17:41:01'),
(242, 165, 1, 148.00, 1, 148.00, 1, 21.26, 2, 'PAGO FINAL', 'fc_2421725298923.jpg', NULL, '', '2024-08-30', '2024-09-02 17:42:03', '2024-09-02 17:42:03'),
(243, 177, 3, 250.00, 1, 250.00, 1, 250.00, 0, 'PAGO CUOTA', NULL, NULL, '', '2024-09-10', '2024-09-16 23:46:55', '2024-09-16 23:46:55'),
(244, 177, 3, 250.00, 1, 250.00, 1, 250.00, 0, 'ULTIMO PAGO', NULL, NULL, '', '2024-09-16', '2024-09-16 23:47:10', '2024-09-16 23:47:10'),
(245, 145, 1, 196.00, 1, 196.00, 1, 28.16, 2, 'ULTIMO PAGO SISTEMA', 'fc_2451727998975.jpg', NULL, '', '2024-10-01', '2024-10-03 23:42:55', '2024-10-03 23:42:55'),
(246, 180, 1, 522.75, 1, 522.75, 1, 75.00, 2, 'CUOTA', 'fc_2461727999050.jpg', NULL, '', '2024-10-01', '2024-10-03 23:44:10', '2024-10-03 23:44:10'),
(247, 176, 1, 346.00, 1, 346.00, 1, 49.64, 2, 'ULTIMO PAGO', 'fc_2471727999160.jpg', NULL, '', '2024-10-01', '2024-10-03 23:46:00', '2024-10-03 23:49:43'),
(248, 82, 1, 296.00, 1, 296.00, 1, 42.53, 2, 'ULTIMO PAGO', 'fc_2481727999234.jpg', NULL, '', '2024-10-01', '2024-10-03 23:47:14', '2024-10-03 23:49:56'),
(249, 178, 1, 400.00, 1, 400.00, 1, 400.00, 0, 'ULTIMO PAGO', 'fc_2491727999286.jpg', NULL, '', '2024-10-01', '2024-10-03 23:48:06', '2024-10-03 23:50:01'),
(250, 181, 1, 200.00, 1, 200.00, 1, 200.00, 0, 'PAGO CUOTA', 'fc_2501727999326.jpg', NULL, '', '2024-10-01', '2024-10-03 23:48:46', '2024-10-03 23:49:50'),
(251, 175, 1, 296.00, 1, 296.00, 1, 42.47, 2, 'PAGO CUOTA', 'fc_2511727999375.jpg', NULL, '', '2024-10-01', '2024-10-03 23:49:35', '2024-10-03 23:49:35'),
(253, 181, 1, 200.00, 1, 200.00, 1, 200.00, 0, 'ULTIMO PAGO', 'fc_2531730933830.jpg', NULL, '', '2024-10-31', '2024-11-06 22:57:10', '2024-11-06 22:57:10'),
(254, 182, 1, 300.00, 1, 300.00, 1, 43.04, 2, 'PAGO CUOTA', 'fc_2541730933874.jpg', NULL, '', '2024-10-31', '2024-11-06 22:57:54', '2024-11-06 22:57:54'),
(255, 173, 1, 300.00, 1, 300.00, 1, 300.00, 0, 'ULTIMO PAGO', 'fc_2551730934172.jpg', NULL, '', '2024-10-31', '2024-11-06 23:02:52', '2024-11-06 23:02:52'),
(256, 180, 1, 522.75, 1, 522.75, 1, 75.00, 2, 'ULTIMO PAGO', 'fc_2561732043699.jpg', NULL, '', '2024-11-09', '2024-11-19 19:14:59', '2024-11-19 19:14:59'),
(257, 183, 1, 835.20, 1, 835.20, 1, 120.00, 2, 'PAGO CUOTA', 'fc_2571732043757.jpg', NULL, '', '2024-11-09', '2024-11-19 19:15:57', '2025-01-08 00:30:46'),
(258, 185, 1, 50.00, 1, 50.00, 1, 50.00, 0, 'PAGO TOTAL', NULL, NULL, '', '2024-11-09', '2024-11-19 19:17:16', '2024-11-19 19:17:16'),
(259, 188, 3, 150.00, 1, 150.00, 1, 150.00, 0, 'PAGO TOTAL', 'fc_2591732044115.jpg', NULL, '', '2024-11-19', '2024-11-19 19:21:55', '2024-11-19 19:21:55'),
(260, 186, 3, 400.00, 1, 400.00, 1, 400.00, 0, 'PAGO TOTAL', 'fc_2601733002965.jpg', NULL, '', '2024-11-22', '2024-11-30 21:42:45', '2024-11-30 21:42:45'),
(261, 183, 1, 500.00, 1, 500.00, 1, 71.84, 2, 'PAGO CUOTA', 'fc_2611733790588.jpg', NULL, '', '2024-12-02', '2024-12-10 00:29:48', '2025-01-08 00:28:42'),
(262, 184, 1, 300.00, 1, 300.00, 1, 43.10, 2, 'CUOTA', 'fc_2621733790631.jpg', NULL, '', '2024-12-02', '2024-12-10 00:30:31', '2025-03-04 01:37:42'),
(263, 189, 1, 300.00, 1, 300.00, 1, 43.10, 2, 'CUOTA', 'fc_2631733790673.jpg', NULL, '', '2024-12-02', '2024-12-10 00:31:13', '2025-03-04 01:43:15'),
(264, 190, 1, 300.00, 1, 300.00, 1, 43.10, 2, 'CUOTA', 'fc_2641733790706.jpg', NULL, '', '2024-12-02', '2024-12-10 00:31:46', '2024-12-10 00:31:46'),
(265, 187, 1, 100.00, 1, 100.00, 1, 100.00, 0, 'PAGO TOTAL', NULL, NULL, '', '2024-12-02', '2024-12-10 00:32:08', '2024-12-10 00:32:08'),
(267, 140, 1, 300.00, 1, 300.00, 1, 300.00, 0, 'pago total', 'fc_2671736296004.jpg', NULL, NULL, '2024-12-31', '2025-01-08 00:26:36', '2025-01-08 00:26:44'),
(268, 183, 1, 335.20, 1, 335.20, 1, 48.16, 2, 'ultimo pago', 'fc_2681736296169.jpg', NULL, NULL, '2024-12-31', '2025-01-08 00:29:29', '2025-01-08 00:30:46'),
(269, 189, 1, 100.00, 1, 100.00, 1, 14.37, 2, 'pago cuota', 'fc_2691736296239.jpg', NULL, NULL, '2024-12-31', '2025-01-08 00:30:39', '2025-01-08 00:30:39'),
(270, 192, 1, 1392.00, 1, 1392.00, 1, 200.00, 2, 'pago total', 'fc_2701736296327.jpg', NULL, NULL, '2024-12-31', '2025-01-08 00:32:07', '2025-01-08 00:32:07'),
(271, 184, 1, 100.00, 1, 100.00, 1, 14.37, 2, 'pago cuota', 'fc_2711736296384.jpg', NULL, NULL, '2024-12-31', '2025-01-08 00:33:04', '2025-01-08 00:33:04'),
(272, 196, 3, 500.00, 1, 500.00, 1, 500.00, 0, 'pago total del trabajo', NULL, NULL, NULL, '2025-02-28', '2025-03-01 00:44:25', '2025-03-01 00:44:25'),
(273, 194, 3, 600.00, 1, 600.00, 1, 85.71, 2, '1er pago', NULL, NULL, NULL, '2025-03-01', '2025-03-03 20:47:27', '2025-03-03 20:49:01'),
(274, 189, 1, 100.00, 1, 100.00, 1, 14.37, 2, 'Pago cuota', 'fc_2741741052153.jpg', NULL, NULL, '2025-01-31', '2025-03-04 01:35:53', '2025-03-04 01:37:51'),
(275, 184, 1, 296.00, 1, 296.00, 1, 42.53, 2, 'Ultimo pago', 'fc_2751741052199.jpg', NULL, NULL, '2025-01-31', '2025-03-04 01:36:39', '2025-03-04 01:37:42'),
(276, 182, 1, 197.00, 1, 197.00, 1, 28.26, 2, 'Pago cuota', 'fc_2761741052238.jpg', NULL, NULL, '2025-01-31', '2025-03-04 01:37:18', '2025-03-04 01:37:36'),
(277, 193, 1, 300.00, 1, 300.00, 1, 300.00, 0, 'Pago total', 'fc_2771741052351.jpg', NULL, NULL, '2025-03-02', '2025-03-04 01:39:11', '2025-03-04 01:39:11'),
(278, 189, 1, 196.00, 1, 196.00, 1, 28.16, 2, 'ultimo pago', 'fc_2781741052385.jpg', NULL, NULL, '2025-03-02', '2025-03-04 01:39:45', '2025-03-04 01:43:15'),
(279, 163, 1, 196.00, 1, 196.00, 1, 28.16, 2, 'ultimo pago', 'fc_2791741052516.jpg', NULL, 'Comprobante en conjunto con trabajo de obs 02 - 196 Bs + 50 Bs.', '2025-03-02', '2025-03-04 01:41:56', '2025-03-04 01:41:56'),
(280, 195, 1, 50.00, 1, 50.00, 1, 50.00, 0, 'pago total', 'fc_2801741052529.jpg', NULL, 'Comprobante en conjunto con trabajo de obs 02 - 196 Bs + 50 Bs.', '2025-03-02', '2025-03-04 01:42:09', '2025-03-04 01:43:09'),
(281, 194, 3, 590.00, 1, 590.00, 1, 84.29, 2, 'ultimo pago', NULL, NULL, NULL, '2025-03-07', '2025-03-12 20:26:31', '2025-03-12 20:26:31'),
(282, 198, 1, 100.00, 1, 100.00, 1, 100.00, 0, 'pago total', NULL, NULL, NULL, '2025-03-14', '2025-03-17 17:48:12', '2025-03-17 17:48:12'),
(283, 197, 1, 300.00, 1, 300.00, 1, 300.00, 0, 'pago total', NULL, NULL, NULL, '2025-03-14', '2025-03-17 17:48:29', '2025-03-17 17:48:29'),
(284, 200, 1, 500.00, 1, 500.00, 1, 500.00, 0, 'pago total', 'fc_2841743688804.jpg', NULL, NULL, '2025-03-31', '2025-04-03 14:00:04', '2025-04-03 14:00:04'),
(285, 201, 1, 100.00, 1, 100.00, 1, 100.00, 0, 'pago total', 'fc_2851743688842.jpg', NULL, NULL, '2025-03-31', '2025-04-03 14:00:42', '2025-04-03 14:10:55'),
(286, 199, 1, 150.00, 1, 150.00, 1, 150.00, 0, 'pago total', 'fc_2861743688882.jpg', NULL, NULL, '2025-03-31', '2025-04-03 14:01:22', '2025-04-03 14:01:22'),
(287, 182, 1, 200.00, 1, 200.00, 1, 28.69, 2, 'Pago total', 'fc_2871743689422.jpg', NULL, 'El pago fue de 200 Bs. en el comprobante fue anotado por error 150Bs.', '2025-03-31', '2025-04-03 14:10:22', '2025-04-03 14:10:22'),
(288, 151, 1, 50.00, 1, 50.00, 1, 50.00, 0, 'pago total', NULL, NULL, NULL, '2024-01-05', '2025-04-10 15:32:32', '2025-05-07 21:54:23'),
(289, 191, 1, 50.00, 1, 50.00, 1, 50.00, 0, 'pago total', NULL, NULL, NULL, '2024-11-09', '2025-04-10 15:32:49', '2025-04-10 15:32:49'),
(290, 202, 1, 50.00, 1, 50.00, 1, 50.00, 0, 'pago total', 'fc_2901746663684.jpg', NULL, NULL, '2025-04-29', '2025-05-08 00:21:24', '2025-05-08 00:21:24'),
(291, 205, 1, 300.00, 1, 300.00, 1, 300.00, 0, 'pago total', 'fc_2911746663713.jpg', NULL, NULL, '2025-04-29', '2025-05-08 00:21:53', '2025-05-08 00:21:53'),
(292, 84, 1, 372.00, 1, 372.00, 1, 53.45, 2, 'pago cuota', 'fc_2921746663747.jpg', NULL, NULL, '2025-04-29', '2025-05-08 00:22:27', '2025-05-08 00:23:00'),
(293, 206, 1, 100.00, 1, 100.00, 1, 100.00, 0, 'pago total', 'fc_2931748897263.jpg', NULL, NULL, '2025-05-31', '2025-06-02 20:47:43', '2025-06-02 20:47:43'),
(294, 207, 1, 350.00, 1, 350.00, 1, 350.00, 0, 'pago total', 'fc_2941748897294.jpg', NULL, NULL, '2025-05-31', '2025-06-02 20:48:14', '2025-06-02 20:48:14');

-- --------------------------------------------------------

--
-- Estructura de tabla para la tabla `personal_access_tokens`
--

CREATE TABLE `personal_access_tokens` (
  `id` bigint UNSIGNED NOT NULL,
  `tokenable_type` varchar(255) CHARACTER SET utf8mb4 COLLATE utf8mb4_unicode_ci NOT NULL,
  `tokenable_id` bigint UNSIGNED NOT NULL,
  `name` varchar(255) CHARACTER SET utf8mb4 COLLATE utf8mb4_unicode_ci NOT NULL,
  `token` varchar(64) CHARACTER SET utf8mb4 COLLATE utf8mb4_unicode_ci NOT NULL,
  `abilities` text CHARACTER SET utf8mb4 COLLATE utf8mb4_unicode_ci,
  `last_used_at` timestamp NULL DEFAULT NULL,
  `created_at` timestamp NULL DEFAULT NULL,
  `updated_at` timestamp NULL DEFAULT NULL
) ENGINE=InnoDB DEFAULT CHARSET=utf8mb4 COLLATE=utf8mb4_unicode_ci;

-- --------------------------------------------------------

--
-- Estructura de tabla para la tabla `proyectos`
--

CREATE TABLE `proyectos` (
  `id` bigint UNSIGNED NOT NULL,
  `nombre` varchar(255) CHARACTER SET utf8mb4 COLLATE utf8mb4_unicode_ci NOT NULL,
  `alias` varchar(255) CHARACTER SET utf8mb4 COLLATE utf8mb4_unicode_ci DEFAULT NULL,
  `descripcion` text CHARACTER SET utf8mb4 COLLATE utf8mb4_unicode_ci NOT NULL,
  `fecha_registro` date NOT NULL,
  `created_at` timestamp NULL DEFAULT NULL,
  `updated_at` timestamp NULL DEFAULT NULL
) ENGINE=InnoDB DEFAULT CHARSET=utf8mb4 COLLATE=utf8mb4_unicode_ci;

--
-- Volcado de datos para la tabla `proyectos`
--

INSERT INTO `proyectos` (`id`, `nombre`, `alias`, `descripcion`, `fecha_registro`, `created_at`, `updated_at`) VALUES
(1, 'SISTEMA DE PARQUEO', 'SISPARQUEO', 'SISTEMA DE PARQUEOS, UTILIZANDO TECNOLOGÍA RFID', '2022-10-03', '2022-10-04 00:27:00', '2024-12-19 04:19:45'),
(2, 'SISTEMA DE EVALUACIÓN INGLES', 'INGLES', 'SISTEMA PARA LA REVISIÓN DE RESPUESTAS DE UN FORMULARIO DE PREGUNTAS USANDO REDES NEURONALES, CON JAVASCRIPT', '2022-10-04', '2022-10-05 01:09:52', '2022-10-05 01:51:12'),
(3, 'SISTEMA PANADERÍA', 'SISPANADERIA', 'SISTEMA DESARROLLADO EN NODE JS', '2022-10-04', '2022-10-05 01:46:57', '2022-10-05 01:46:57'),
(4, 'SISTEMA PARA GESTIÓN PARROQUIAL', 'PARROQUIA', 'SISTEMA PARA LA GESTIÓN PARROQUIAL', '2022-10-04', '2022-10-05 01:49:09', '2022-10-05 01:49:09'),
(5, 'SISTEMA ADMINISTRATIVO Y ACADÉMICO', 'ADACWEB', 'SISTEMA ADMINISTRATIVO Y ACADÉMICO', '2022-10-04', '2022-10-05 01:56:03', '2022-10-05 01:56:03'),
(6, 'SISTEMA DE AGENDAMIENTO DE CITAS MÉDICAS CON INTEGRACIÓN DE CHATBOOT', 'WEBACM', 'SISTEMA DE AGENDAMIENTO DE CITAS MÉDICAS CON INTEGRACIÓN DE CHATBOOT', '2022-10-04', '2022-10-05 01:59:42', '2022-10-05 01:59:42'),
(7, 'SISTEMA PARA ESPECIALIDADES MÉDICAS DE HOSPITAL', 'WEBHOSPITAL', 'SISTEMA PARA ESPECIALIDADES MÉDICAS DE HOSPITAL', '2022-10-04', '2022-10-05 02:01:57', '2022-10-05 02:01:57'),
(8, 'SISTEMA DE ALMACEN Y VENTAS', 'AVICOLA', 'SISTEMA PARA LA ADMINISTRACIÓN DE ALMACEN Y VENTAS AVICOLAS', '2022-10-04', '2022-10-05 02:05:59', '2022-10-05 02:05:59'),
(9, 'SISTEMA DE CONTROL Y SEGUIMIENTO DE RUTAS DE TRACTO CISTERNAS', 'WEBCISTERNAS', 'SISTEMA DE CONTROL Y SEGUIMIENTO DE RUTAS DE TRACTO CISTERNAS', '2022-10-04', '2022-10-05 02:18:49', '2022-10-05 02:18:49'),
(10, 'SISTEMA PRENDASOL', 'PRENDASOL', 'SISTEMA PRENDASOL', '2022-10-04', '2022-10-05 02:20:25', '2022-10-05 02:20:25'),
(11, 'SISTEMA WEB DE CONTROL Y SEGUIMIENTO DE ACTIVOS FIJOS CON RFID', 'RFIDCAF', 'SISTEMA WEB DE CONTROL Y SEGUIMIENTO DE ACTIVOS FIJOS CON RFID', '2022-10-04', '2022-10-05 02:23:39', '2022-10-05 02:23:39'),
(12, 'MANAGEMENT TRAINING SYSTEM', 'TRAIBOT', 'APLICACIÓN WEB – PROCESO DE CAPACITACION', '2022-10-04', '2022-10-05 02:28:15', '2022-10-05 02:28:15'),
(13, 'SISTEMA PORTAL DE PRESTAMO BIBLIOTECARIO', 'BIBLIOTECA', 'SISTEMA PORTAL DE PRESTAMO BIBLIOTECARIO', '2022-10-04', '2022-10-05 02:32:45', '2022-10-05 02:32:45'),
(14, 'SISTEMA DE GESTIÓN DE RECURSOS HUMANOS APLICANDO KEY PERFORMACE INDICADOR (KPI)', 'BTO', 'SISTEMA DE GESTIÓN DE RECURSOS HUMANOS APLICANDO KEY PERFORMACE INDICADOR (KPI)', '2022-10-04', '2022-10-05 02:34:06', '2022-10-05 02:34:06'),
(15, 'SISTEMA PARA EL CONTROL DE PROCESOS OPERATIVOS DEL ÁREA DE RIESGO CREDITICIO', 'CONTROLRIESGOS', 'SISTEMA PARA EL CONTROL DE PROCESOS OPERATIVOS DEL ÁREA DE RIESGO CREDITICIO', '2022-10-04', '2022-10-05 02:35:35', '2022-10-05 02:35:35'),
(16, 'REPORTESVENTAS(POWERBI)', 'RVPOWERBI', 'REPORTESVENTAS(POWERBI)', '2022-10-04', '2022-10-05 02:37:17', '2022-10-05 02:37:17'),
(17, 'SISTEMA WEB ACADÉMICO Y FINANCIERO', 'WEBSAF', 'SISTEMA WEB ACADÉMICO Y FINANCIERO', '2022-10-04', '2022-10-05 02:38:43', '2022-10-05 02:38:43'),
(18, 'SISTEMA DE PARQUEO TORRESMALL', 'TORRESMALL', 'SISTEMA DE PARQUEO TORRESMALL', '2022-10-04', '2022-10-05 02:43:56', '2022-10-05 02:43:56'),
(19, 'SISTEMA WEB DE EXPOSICIÓN DE PRODUCTOS Y PUNTOS DE VENTAS', 'COAX', 'SISTEMA WEB DE EXPOSICIÓN DE PRODUCTOS Y PUNTOS DE VENTAS', '2022-10-04', '2022-10-05 02:45:12', '2022-10-05 02:45:12'),
(20, 'SISTEMA DE INFORMACIÓN PARA SEGUIMIENTO DE PACIENTES', 'WEBSISP', 'SISTEMA DE INFORMACIÓN PARA SEGUIMIENTO DE PACIENTES', '2022-10-04', '2022-10-05 02:49:02', '2022-10-05 02:49:02'),
(21, 'SISTEMA IVORFID', 'IVORFID', 'SISTEMA IVORFID', '2022-10-04', '2022-10-05 02:51:21', '2022-10-05 02:51:21'),
(22, 'SISTEMA WEB DE REGISTRO DE EJECUCIÓN DE PRESUPUESTO', 'REP', 'SISTEMA WEB DE REGISTRO DE EJECUCIÓN DE PRESUPUESTO', '2022-10-04', '2022-10-05 02:53:59', '2022-10-05 02:53:59'),
(23, 'SISTEMA WEB DE PEDIDOS Y ENTREGAS A DOMICILIO CON PAGOS QR', 'WEBDELIVERY', 'SISTEMA WEB DE PEDIDOS Y ENTREGAS A DOMICILIO CON PAGOS QR', '2022-10-04', '2022-10-05 02:55:27', '2022-10-05 02:55:27'),
(24, 'SISTEMA DE INFORMACIÓN DE REGISTRO Y SEGUIMIENTO DE CARGOS DE CUENTAS', 'SIRSCC', 'SISTEMA DE INFORMACIÓN DE REGISTRO Y SEGUIMIENTO DE CARGOS DE CUENTAS', '2022-10-05', '2022-10-05 20:03:57', '2022-10-05 20:03:57'),
(25, 'SISTEMA DE INFORMACIÓN DE CONTROL Y SEGUIMIENTO DE CORRESPONDENCIA DE  DOCUMENTOS APLICANDO CÓDIGO QR', 'CORRESPONDENCIAQR', 'SISTEMA DE INFORMACIÓN DE CONTROL Y SEGUIMIENTO DE CORRESPONDENCIA DE  DOCUMENTOS APLICANDO CÓDIGO QR', '2022-10-05', '2022-10-05 20:06:00', '2022-10-05 20:06:00'),
(26, 'SISTEMA DE EVALUACIÓN FISICA', 'SISFISICA', 'SISTEMA DE EVALUACIÓN DE LA MATERIA DE FISICA', '2022-10-05', '2022-10-05 20:10:05', '2022-10-05 20:10:05'),
(27, 'SISTEMA ERP CHIRI', 'CHIRI', 'SISTEMA ERP CHIRI', '2022-10-05', '2022-10-05 16:44:18', '2022-10-05 16:44:18'),
(28, 'SISTEMA DE CONTROL Y REVISIÓN DE IMÁGENES', 'SISCRI', 'SISTEMA DE CONTROL Y REVISIÓN DE IMÁGENES', '2022-10-05', '2022-10-05 16:48:01', '2022-10-05 16:48:01'),
(29, 'SISTEMA WEB PARA EL CONTROL DE ASISTENCIA APLICANDO RFID', 'SWCAAR', 'SISTEMA WEB PARA EL CONTROL DE ASISTENCIA APLICANDO RFID', '2022-10-05', '2022-10-05 16:49:57', '2022-10-05 16:49:57'),
(30, 'SISTEMA WEB SIMULADOR DE FACTURA', 'SISFACTURA', 'SISTEMA WEB SIMULADOR DE FACTURA', '2022-10-05', '2022-10-05 16:56:36', '2022-10-05 16:56:36'),
(31, 'SISTEMA WEB DE PARTES DIARIOS DE MAQUINARIA PESADA', 'WEBPDMP', 'SISTEMA WEB DE PARTES DIARIOS DE MAQUINARIA PESADA', '2022-10-05', '2022-10-05 16:58:24', '2022-10-05 16:58:24'),
(32, 'SISTEMA INFORMÁTICO PARA EL CONTROL DE GASTOS DE VIÁTICOS ASIGNADOS', 'PATELCOM', 'SISTEMA INFORMÁTICO PARA EL CONTROL DE GASTOS DE VIÁTICOS ASIGNADOS', '2022-10-05', '2022-10-05 17:00:52', '2022-10-05 17:00:52'),
(33, 'SISTEMA DE ACADÉMICO DE POSTGRADO', 'WEBUASB', 'SISTEMA DE ACADÉMICO DE POSTGRADO', '2022-10-05', '2022-10-05 17:54:17', '2022-10-05 17:54:17'),
(34, 'SISTEMA DE GESTIÓN DE REQUERMIENTOS DE USUARIOS MESA DE AYUDA', 'HELPDESK', 'SISTEMA DE GESTIÓN DE REQUERMIENTOS DE USUARIOS MESA DE AYUDA', '2022-10-05', '2022-10-05 18:16:48', '2022-10-05 18:16:48'),
(35, 'SISTEMA WEB DE CONTROL Y ASIGNACIÓN DE PERSONAL DE SEGURIDAD A PUESTOS DE VIGILANCIA UTILIZANDO ALGORITMOS GENÉTICOS', 'SISGEN', 'SISTEMA WEB DE CONTROL Y ASIGNACIÓN DE PERSONAL DE SEGURIDAD A PUESTOS DE VIGILANCIA UTILIZANDO ALGORITMOS GENÉTICOS', '2022-10-05', '2022-10-05 18:20:10', '2022-10-05 18:20:10'),
(36, 'SISTEMA DE LOGÍSTICA DE TRANSPORTE MARÍTIMO', 'BOLCARGO', 'SISTEMA DE LOGÍSTICA DE TRANSPORTE MARÍTIMO', '2022-10-05', '2022-10-05 18:23:06', '2022-10-05 18:23:06'),
(37, 'REGISTRO DE PERSONAL Y ASISTENCIAS JAVA', 'ASISTENCIAS', 'PROGRAMA DE REGISTRO DE PERSONAL Y ASISTENCIAS EN ARCHIVOS TXT', '2022-10-09', '2022-10-09 23:04:38', '2022-10-09 23:04:38'),
(38, 'SISTEMA DE VENTAS OMO', 'SIS_VENTAS', 'SISTEMA DE ADMINISTRACIÓN DE VENTAS, CON GENERACIÓN DE PROFORMAS Y PROMOCIONES', '2022-10-10', '2022-10-10 20:21:33', '2022-10-10 20:21:33'),
(39, 'SISTEMA DE PROGRAMACIÓN OPERATIVA ANUAL', 'SISPOA', 'SISTEMA DE PROGRAMACIÓN OPERATIVA ANUAL', '2022-10-12', '2022-10-12 22:32:31', '2022-10-12 22:32:31'),
(40, 'SISTEMA DE INFORMACIÓN WEB PARA EL CONTROL Y SEGUIMIENTO DE REGISTROS SANITARIOS FARMACEUTICOS', 'MEGALABS', 'SISTEMA DE INFORMACIÓN WEB PARA EL CONTROL Y SEGUIMIENTO DE REGISTROS SANITARIOS FARMACEUTICOS', '2022-10-26', '2022-10-26 21:03:42', '2022-10-26 21:40:42'),
(41, 'SISTEMA DE CONTROL DE USUARIOS SOBRE PRIVILEGIOS DE SISTEMAS', 'BANCOMUNIDAD', 'SISTEMA DE CONTROL DE USUARIOS SOBRE PRIVILEGIOS DE SISTEMAS.', '2022-11-01', '2022-11-01 22:11:19', '2022-11-01 22:11:19'),
(42, 'SISTEMA DE ADMINISTRACIÓN DE GIMNASIO CON RFID', 'WEBGYM', 'SISTEMA DE ADMINISTRACIÓN DE GIMNASIO CON RFID', '2022-11-17', '2022-11-17 23:20:58', '2022-11-17 23:20:58'),
(43, 'SISTEMA DE FUTBOL SISFUTBOLLNEW', 'SISFUTBOLL EW', 'SISTEMA DE FUTBOL', '2022-11-22', '2022-11-22 08:53:59', '2022-11-22 08:53:59'),
(44, 'SISTEMA ECOMMERCE CON PYTHON Y FLASK', 'ECOMMERCE_PF', 'SISTEMA ECOMMERCE UTILIZANDO PYTHON CON EL FRAMEWORK FLASK', '2022-11-29', '2022-11-29 15:06:45', '2022-11-29 15:06:45'),
(45, 'SISTEMA DE INVENTARIO Y VENTAS', 'NUEVAERA', 'SISTEMA DE INVENTARIO Y VENTAS', '2023-01-10', '2023-01-11 01:34:10', '2023-01-11 15:33:08'),
(46, 'UEACADEMICO', 'UEACADEMICO', 'NUEVO SISTEMA BASADO EN EL SISTEMA WEBSAF', '2023-03-02', '2023-03-02 13:29:27', '2023-03-02 13:29:36'),
(47, 'CURSO PHP', 'CURSOPHP', 'PRESENTACIÓN DE UN CURSO DE PHP BÁSICO', '2023-03-08', '2023-03-08 16:06:48', '2023-03-08 16:06:48'),
(48, 'SISTEMA BIOMETRICO', 'SISBIO', 'SISTEMA PARA EL CONTROL DE ASISTENCIAS A PARTIR DEL USO DE BIOMETRICO (DESARROLLADO CON C#)', '2023-03-10', '2023-03-10 16:20:08', '2023-03-10 16:20:08'),
(49, 'SISTEMA DE REGISTRO DE TITULOS PROFESIONALES', 'SISRETP', 'SISTEMA DE REGISTRO DE TITULOS PROFESIONALES', '2023-03-21', '2023-03-21 18:56:13', '2023-03-21 18:56:13'),
(50, 'SISTEMA DE CONTROL DE VENTAS E INVENTARIO APLICANDO BUSINESS INTELLIGENCE', 'SISTEMABI', 'SISTEMA DE CONTROL DE VENTAS E INVENTARIO APLICANDO BUSINESS INTELLIGENCE', '2023-04-12', '2023-04-13 02:00:52', '2023-04-13 02:00:52'),
(51, 'SISTEMA DE ASISTENTE VIRTUAL PARA DETERMINAR Y ORIENTAR SOLUCIONES A FALLAS MECÁNICAS DE UN MOTOR.', 'SAV', 'SISTEMA DE ASISTENTE VIRTUAL PARA DETERMINAR Y ORIENTAR SOLUCIONES A FALLAS MECÁNICAS DE UN MOTOR.', '2023-04-20', '2023-04-21 01:52:01', '2023-04-21 01:52:01'),
(52, 'SISTEMA IVORFID (IVOCHAT)', 'IVOCHAT', 'SISTEMA DE INVENTARIO Y VENTAS, BASADO EN EL SISTEMA IVORFID', '2023-04-26', '2023-04-26 15:30:55', '2023-04-26 15:30:55'),
(53, 'SISTEMA WEB DE CENTRO MÉDICO DE ESPECIALIDADES MÉDICAS', 'WEBCENTROEM', 'SISTEMA WEB DE CENTRO MÉDICO DE ESPECIALIDADES MÉDICAS', '2023-05-08', '2023-05-09 01:45:28', '2023-05-09 02:05:16'),
(54, 'SISTEMA WEB REGISTRO DE SEGUIMIENTO DE HOJAS DE RUTA Y PORTAL', 'SISHRP', 'SISTEMA WEB REGISTRO DE SEGUIMIENTO DE HOJAS DE RUTA Y PORTAL', '2023-05-16', '2023-05-16 18:40:30', '2023-05-16 18:40:30'),
(55, 'SISTEMA DE COMPUTARIZADO DE GESTIÓN DE MANTENIMIENTO E INVENTARIOS', 'SISCGMI', 'SISTEMA DE COMPUTARIZADO DE GESTIÓN DE MANTENIMIENTO E INVENTARIOS', '2023-05-31', '2023-06-01 01:46:54', '2023-06-01 01:46:54'),
(56, 'SISTEMA WEB PARA EL SEGUIMIENTO DE EJECUCIÓN DE OBRAS Y CONTROL DE ACTIVOS MEDIANTE RFID', 'SEOCAMRFID', 'SISTEMA WEB PARA EL SEGUIMIENTO DE EJECUCIÓN DE OBRAS Y CONTROL DE ACTIVOS MEDIANTE RFID', '2023-06-29', '2023-06-29 21:34:10', '2023-06-29 21:34:10'),
(57, 'SISTEMA DE CONTROL DE INVENTARIO Y VENTAS', 'MULTIDENT', 'SISTEMA DE CONTROL DE INVENTARIO Y VENTAS', '2023-06-29', '2023-06-30 00:10:17', '2023-06-30 00:10:17'),
(58, 'SISTEMA DE DIRECCIÓN DE GESTIÓN INTEGRAL DE RESIDUOS', 'DGIR', 'SISTEMA DE DIRECCIÓN DE GESTIÓN INTEGRAL DE RESIDUOS', '2023-07-13', '2023-07-13 18:15:42', '2023-07-13 18:15:42'),
(59, 'SISTEMA INTELIGENTE CON REDES NEURONALES CONVOLUCIONALES PARA EL CONTROL EN TIEMPO REAL DEL EQUIPO DE PROTECCIÓN PERSONAL EN OBRAS DE CONSTRUCCIÓN', 'SISPP', 'SISTEMA INTELIGENTE CON REDES NEURONALES CONVOLUCIONALES PARA EL CONTROL EN TIEMPO REAL DEL EQUIPO DE PROTECCIÓN PERSONAL EN OBRAS DE CONSTRUCCIÓN.', '2023-07-26', '2023-07-26 14:30:19', '2023-07-26 14:30:19'),
(60, 'CONSULTAS EXTERNAS', 'CE', 'REALIZAR CONSULTAS EXTERNAS, AYUDA CON MODIFICACIONES Y ACESORAMIENTO DE APLICACIONES', '2023-08-04', '2023-08-04 13:47:12', '2023-08-04 13:47:12'),
(61, 'SISTEMA DE SEGUIMIENTO DE PLANILLAS', 'PROY', 'SISTEMA DE SEGUIMIENTO DE PLANILLAS REALIZADO EN PHP 7.4', '2023-08-04', '2023-08-04 13:53:33', '2023-08-04 13:53:33'),
(62, 'PLATAFORMA DE VALORACIÓN DE STARTUPS PARA INVERSIONISTAS', 'VALVEST', 'PLATAFORMA DE VALORACIÓN DE STARTUPS PARA INVERSIONISTAS', '2023-08-24', '2023-08-24 15:43:30', '2023-08-24 15:43:30'),
(63, 'PORTAL INFORMATIVO DE PEDIDOS DE PRODUCTOS EN LÍNEA Y ADMINISTRACIÓN DE PROCESOS DE DISTRIBUCIÓN DE PRODUCTOS CON INVENTARIO', 'QHANA', 'PORTAL INFORMATIVO DE PEDIDOS DE PRODUCTOS EN LÍNEA Y ADMINISTRACIÓN DE PROCESOS DE DISTRIBUCIÓN DE PRODUCTOS CON INVENTARIO', '2023-09-20', '2023-09-20 15:44:58', '2023-09-20 15:44:58'),
(64, 'OTROS PROYECTOS', 'OP', 'PROYECTOS YA HECHOS, QUE NECESITAN MODIFICACIÓN', '2023-09-25', '2023-09-25 21:38:04', '2023-09-25 21:38:04'),
(65, 'PLATAFORMA DE INSTITUTO ADMINISTRABLE', 'INSTITUTE', 'PLATAFORMA DE INSTITUTO ADMINISTRABLE', '2023-10-06', '2023-10-06 13:26:33', '2023-10-06 13:26:33'),
(66, 'SISTEMA TODO EN SPRING BOOT', 'STSB', 'SISTEMA DESARROLLADO EN SPRING BOOT CON ANGULAR', '2023-10-08', '2023-10-08 14:15:17', '2023-10-08 14:15:17'),
(67, 'SISTEMA ACADÉMICO CON NOTIFICACIONES Y DIGITALIZACIÓN DE DESEMPEÑO  ACADÉMICO', 'AWASEPTIEMBRE', 'SISTEMA ACADÉMICO CON NOTIFICACIONES Y DIGITALIZACIÓN DE DESEMPEÑO \nACADÉMICO', '2023-10-26', '2023-10-27 01:24:04', '2023-10-27 01:24:04'),
(68, 'SISTEMA VENTAS \"JOHN\"', 'SV', 'SISTEMAS VENTAS \"JOHN\"', '2023-11-07', '2023-11-07 19:01:02', '2023-11-07 19:01:02'),
(69, 'SISTEMA DE GUÍA PARA PLAN DE CONTINGENCIAS', 'SISCONTINGENCIAS', 'SISTEMA DE GUÍA PARA PLAN DE CONTINGENCIAS', '2023-11-08', '2023-11-08 15:47:43', '2023-11-08 15:47:43'),
(70, 'APLICACIÓN WEB PARA LA GESTION DOCUMENTAL Y DIGITALIZACIÓN DE ARCHIVOS', 'WEBDOCUMENTOS', 'APLICACIÓN WEB PARA LA GESTION DOCUMENTAL Y DIGITALIZACIÓN DE ARCHIVOS', '2023-11-08', '2023-11-08 15:48:02', '2023-11-08 15:48:02'),
(71, 'SISTEMA DE ADMINISTRACIÓN DE MICROCREDITOS', 'SISMICROCREDITOS', 'SISTEMA DE ADMINISTRACIÓN DE MICROCREDITOS', '2023-11-14', '2023-11-14 20:26:53', '2023-11-14 20:26:53'),
(72, 'SISTEMA PARQUEO ARDUINO', 'PARQUEOARDUINO', 'DESARROLLAR UN SISTEMA WEB PARA MOSTRAR LOS PARQUEOS DISPONIBLES Y OCUPADOS DESDE UN SISTEMA EN PYTHON USANDO ARDUINO', '2023-12-04', '2023-12-05 01:41:01', '2023-12-05 01:46:24'),
(73, 'SISTEMA DE CONTROL DE COMBUSTIBLE', 'SISCOMBUSTIBLE', 'SISTEMA DE CONTROL DE COMBUSTIBLE.', '2023-12-09', '2023-12-09 12:07:40', '2023-12-09 12:07:40'),
(74, 'OTROS SERVICIOS', 'OS', 'TRABAJOS ADICIONALES: CONSULTAS, ETC.', '2023-12-15', '2023-12-15 14:51:32', '2023-12-15 14:51:32'),
(75, 'ERS INTELIGENCIA DE NEGOCIOS ANÁLISIS DE DATOS DE LAS PLATAFORMAS DE FACEBOOK E INSTAGRAM CON EL PROGRAMA POWER BI', 'INFI_POWERBI', 'ERS INTELIGENCIA DE NEGOCIOS ANÁLISIS DE DATOS DE LAS PLATAFORMAS DE FACEBOOK E INSTAGRAM CON EL PROGRAMA POWER BI', '2023-12-21', '2023-12-21 18:27:45', '2023-12-21 18:27:45'),
(76, 'SISTEMA DE PRODUCCIÓN, INVENTARIO Y VENTAS', 'TESA', 'SISTEMA DE PRODUCCIÓN, INVENTARIO Y VENTAS.<br />\nBASADO EN EL SISTEMA SISTEMABI', '2024-01-08', '2024-01-08 23:40:23', '2024-01-08 23:40:23'),
(77, 'SISTEMA PARA EL CONTROL, SEGUIMIENTO Y MANTENIMIENTO DE EQUIPOS  BIOMÉTRICOS HOSPITALARIOS', 'SISHN', 'SISTEMA PARA EL CONTROL, SEGUIMIENTO Y MANTENIMIENTO DE EQUIPOS <br />\nBIOMÉTRICOS HOSPITALARIOS.', '2024-01-30', '2024-01-30 17:50:07', '2024-01-30 17:50:07'),
(78, 'RADIO COMUNIDAD', 'RC', 'MANTENIMIENTO PÁGINAS DE EMPRESA PRENSA RURAL (RADIO COMUNIDAD)', '2024-01-30', '2024-01-30 17:55:13', '2024-01-30 17:55:13'),
(79, 'PROCESAMIENTO DE IMÁGENES CON REDES NEURONALES  CONVOLUCIONALES', 'PIDENTAL', 'PROCESAMIENTO DE IMÁGENES CON REDES NEURONALES <br />\nCONVOLUCIONALES', '2024-02-06', '2024-02-06 22:25:16', '2024-02-06 22:25:16'),
(80, 'ERS ANÁLISIS DE DATOS CON DATA SCIENCE SOBRE VIOLENCIA FÍSICA Y PSICOLÓGICA EN LOS SLIMS DE LOS DISTRITOS 3.4.5 Y 6 DE LA CIUDAD DE EL ALTO', 'DATASCIENCE', 'ERS ANÁLISIS DE DATOS CON DATA SCIENCE SOBRE VIOLENCIA FÍSICA Y PSICOLÓGICA EN LOS SLIMS DE LOS DISTRITOS 3.4.5 Y 6 DE LA CIUDAD DE EL ALTO', '2024-02-26', '2024-02-26 18:55:07', '2024-02-26 18:55:07'),
(81, 'SISTEMA DE INFORMACIÓN PARA EL SEGUIMIENTO Y CONTROL DEL AVANCE DE  OBRAS DE CONSTRUCCIÓN EMPLEANDO GEOLOCALIZACIÓN Y AGENTES INTELIGENTES', 'SISOBRAS', 'SISTEMA DE INFORMACIÓN PARA EL SEGUIMIENTO Y CONTROL DEL AVANCE DE <br />\nOBRAS DE CONSTRUCCIÓN EMPLEANDO GEOLOCALIZACIÓN Y AGENTES INTELIGENTES', '2024-03-25', '2024-03-25 23:06:51', '2024-03-25 23:06:51'),
(82, 'SISTEMA WEB DE INFORMACIÓN PREDICTIVA UTILIZANDO EL MODELO DE LAS  MÁQUINAS DE SOPORTE VECTORIAL EN LA DIVISIÓN PROFESIONAL DEL FUTBOL BOLIVIANO', 'WEBFUTBOL', 'SISTEMA WEB DE INFORMACIÓN PREDICTIVA UTILIZANDO EL MODELO DE LAS MÁQUINAS DE SOPORTE VECTORIAL EN LA DIVISIÓN PROFESIONAL DEL FUTBOL BOLIVIANO', '2024-03-25', '2024-03-25 23:09:48', '2024-03-25 23:09:48'),
(83, 'SISTEMA PARA EL APOYO AL MÉDICO EN LA DETECCIÓN TEMPRANA DE CANCER DE  MAMA IMPLEMENTANDO UNA RED NEURONAL CONVOLUCIONAL', 'SISCANCER', 'SISTEMA PARA EL APOYO AL MÉDICO EN LA DETECCIÓN TEMPRANA DE CANCER DE <br />\nMAMA IMPLEMENTANDO UNA RED NEURONAL CONVOLUCIONAL', '2024-03-25', '2024-03-25 23:11:27', '2024-03-25 23:11:27'),
(84, 'SISTEMA DE ASISTENCIA DE ADULTO MAYOR', 'ASISTENCIA', 'SISTEMA DE ASISTENCIA DE ADULTO MAYOR', '2024-03-25', '2024-03-25 23:13:30', '2024-03-25 23:13:30'),
(85, 'SISTEMA DE COMERCIO ELECTRÓNICO ETHERION.', 'ETHERION', 'SISTEMA DE COMERCIO ELECTRÓNICO ETHERION.', '2024-03-25', '2024-03-25 23:18:06', '2024-03-25 23:18:06'),
(86, 'SISCRM', 'SISCRM', 'SISTEMA BASADO EN EL SISTEMA \"SISTEMABI\"', '2024-05-01', '2024-05-01 20:56:46', '2024-05-01 20:56:46'),
(87, 'PSWEB', 'PSWEB', 'SISTEMA BASADO EN \"IVORFID\"', '2024-05-01', '2024-05-01 20:59:39', '2024-05-01 20:59:39'),
(88, 'ERS SISTEMA DE INFORMACIÓN WEB PARA LA GESTIÓN Y SEGUIMIENTO DE AUDITORIAS FINANCIERAS INTERNAS', 'SISAUDITORIAS', 'ERS SISTEMA DE INFORMACIÓN WEB PARA LA GESTIÓN Y SEGUIMIENTO DE AUDITORIAS FINANCIERAS INTERNAS', '2024-05-01', '2024-05-01 21:07:41', '2024-05-01 21:07:41'),
(89, 'SISTEMA DE VENTAS RESPOSTERIA DVJ', 'DVJ', 'DESARROLLO DE UN LOGIN USANDO SPRING BOOT Y ANGULAR', '2024-05-01', '2024-05-01 21:22:51', '2024-05-29 17:43:43'),
(90, 'ERS SISTEMA WEB DE CONTROL DE INSUMOS Y MATERIALES CON AGENTES DE NOTIFICACION', 'WEBALMACEN', 'ERS SISTEMA WEB DE CONTROL DE INSUMOS Y MATERIALES CON AGENTES DE NOTIFICACION', '2024-05-16', '2024-05-16 17:24:54', '2024-05-16 17:24:54'),
(91, 'SISTEMA DE INFORMACIÓN PARA EL CONTROL Y SEGUIMIENTO DE SERVICIOS PARA EL DEPARTAMENTO TÉCNICO', 'AECS', 'SISTEMA DE INFORMACIÓN PARA EL CONTROL Y SEGUIMIENTO DE SERVICIOS PARA EL DEPARTAMENTO TÉCNICO', '2024-05-16', '2024-05-16 17:29:55', '2024-05-16 17:29:55'),
(92, 'SISTEMA PARA EL SEGUIMIENTO Y MANTENIMIENTO DE EQUIPOS EN SPRING BOOT JOHN', 'SEGMANEQ', 'SISTEMA PARA EL SEGUIMIENTO Y MANTENIMIENTO DE EQUIPOS EN SPRING BOOT JOHN', '2024-05-16', '2024-05-16 17:32:04', '2024-05-16 17:32:04'),
(93, 'SISTEMA PARA LA DISTRIBUCIÓN DE PERSONAL BASADO EN MACHINE LEARNING', 'DISPER', 'SISTEMA PARA LA DISTRIBUCIÓN DE PERSONAL BASADO EN MACHINE LEARNING', '2024-05-16', '2024-05-16 17:33:24', '2024-05-16 17:33:24'),
(94, 'SISTEMA DE COBROS EN PYTHON', 'COBROS', 'SISTEMA DE COBROS EN PYTHON', '2024-05-22', '2024-05-22 20:24:16', '2024-05-22 20:24:16'),
(95, 'ALQUILER DE VEHICULOS EN PHP', 'ALQUILER_VEHICULO', 'APLICACION WEB PARA ALQUILER DE VEHICULOS EN PHP PURO', '2024-05-22', '2024-05-22 20:28:00', '2024-05-22 20:28:00'),
(96, 'APLICACIÓN WEB PARA CONTROL DE INGRESOS Y EGRESOS ECONÓMICOS', 'BRAKE', 'APLICACIÓN WEB PARA CONTROL DE INGRESOS Y EGRESOS ECONÓMICOS', '2024-06-15', '2024-06-15 14:48:59', '2024-06-15 14:48:59'),
(97, 'ERS DE SISTEMA WEB DE PRONÓSTICO DE VENTAS CON ENFOQUE EN ALGORITMOS DE MACHINE LEARNING', 'FEDEMET', 'ERS DE SISTEMA WEB DE PRONÓSTICO DE VENTAS CON ENFOQUE EN ALGORITMOS DE MACHINE LEARNIN', '2024-09-02', '2024-09-02 17:08:33', '2024-09-02 17:08:33'),
(98, 'ERS SISTEMA WEB DE GESTIÓN Y ADMINISTRACIÓN DE LOTES DE TERRENOS CON AGENTES INTELIGENTES DE NOTIFICACIÓN.', 'SAJONIA', 'ERS SISTEMA WEB DE GESTIÓN Y ADMINISTRACIÓN DE LOTES DE TERRENOS CON AGENTES INTELIGENTES DE NOTIFICACIÓN.', '2024-09-02', '2024-09-02 17:10:58', '2024-09-02 17:10:58'),
(99, 'ERS PLATAFORMA WEB BANCO DE TALENTOS', 'SISBDT', 'ERS PLATAFORMA WEB BANCO DE TALENTOS', '2024-09-02', '2024-09-02 17:19:32', '2024-09-02 17:19:32'),
(100, 'ERS SISTEMA WEB PARA LA GESTIÓN DE SUMINISTRO DE EXISTENCIAS DE PRODUCTOS CON INTELIGENCIA ARTIFICIAL APLICANDO ALGORITMOS DE RECOMENDACIÓN BAJO EL MÉTODO DE FILTRADO COLABORATIVO', 'SISEMSYT', 'ERS SISTEMA WEB PARA LA GESTIÓN DE SUMINISTRO DE EXISTENCIAS DE PRODUCTOS CON INTELIGENCIA ARTIFICIAL APLICANDO ALGORITMOS DE RECOMENDACIÓN BAJO EL MÉTODO DE FILTRADO COLABORATIVO', '2024-09-02', '2024-09-02 17:21:04', '2024-09-02 17:21:04'),
(101, 'ERS DE SISTEMA WEB DE VENTA E INVENTARIOS CON LECTOR DE CÓDIGO DE BARRAS', 'SIVCB', 'ERS DE SISTEMA WEB DE VENTA E INVENTARIOS CON LECTOR DE CÓDIGO DE BARRAS', '2024-10-03', '2024-10-03 23:31:25', '2024-10-03 23:31:25'),
(102, 'ERS SISTEMA DE AUTENTICACIÓN BIOMÉTRICA, A TRAVÉS DE RECONOCIMIENTO FACIAL, REPRESENTACIÓN NUMÉRICA Y EMOCIONES, PARA TRANSACCIONES DIGITALES EN EL SECTOR DE TELECOMUNICACIONE', 'WEBTEL', 'ERS SISTEMA DE AUTENTICACIÓN BIOMÉTRICA, A TRAVÉS DE RECONOCIMIENTO FACIAL, REPRESENTACIÓN NUMÉRICA Y EMOCIONES, PARA TRANSACCIONES DIGITALES EN EL SECTOR DE TELECOMUNICACIONE', '2024-10-03', '2024-10-03 23:31:48', '2024-10-03 23:31:48'),
(103, 'ERS SOFTWARE EDUCATIVO GAMIFICADO PARA LA ENSEÑANZA DE BIOLOGÍA PARA EL NIVEL PRIMARIO DE SECUNDARIA.', 'SOFTBIO', 'ERS SOFTWARE EDUCATIVO GAMIFICADO PARA LA ENSEÑANZA DE BIOLOGÍA PARA EL NIVEL PRIMARIO DE SECUNDARIA.', '2024-11-06', '2024-11-06 22:46:32', '2024-11-06 22:46:32'),
(104, 'ERS DISEÑO, DESARROLLO E IMPLEMENTACIÓN DE UN SISTEMA WEB DE SUBASTAS PARA UNIBIENES S.A.', 'UNIBIENES', 'ERS DISEÑO, DESARROLLO E IMPLEMENTACIÓN DE UN SISTEMA WEB DE SUBASTAS PARA UNIBIENES S.A.', '2024-11-06', '2024-11-06 22:47:08', '2024-11-06 22:47:08'),
(105, 'SISTEMA DE INFORMACIÓN WEB PARA EL SEGUIMIENTO Y CONTROL OPERATIVO DE TRANSPORTE DE HIDROCARBUROS APLICANDO MACHINE LEARNING PARA PREDICCIONES CON MODELO DE SERIES TEMPORALES', 'LOGICORP', 'SISTEMA DE INFORMACIÓN WEB PARA EL SEGUIMIENTO Y CONTROL OPERATIVO DE TRANSPORTE DE HIDROCARBUROS APLICANDO MACHINE LEARNING PARA PREDICCIONES CON MODELO DE SERIES TEMPORALES', '2024-11-06', '2024-11-06 22:54:17', '2024-11-06 22:54:17'),
(106, 'ERS DE SISTEMA APLICANDO REDES NEURONALES CONVOLUCIONALES PARA DETENCIÓN DE CARIES DENTALES EN RADIOGRAFÍAS.', 'WHITE', 'ERS DE SISTEMA APLICANDO REDES NEURONALES CONVOLUCIONALES PARA DETENCIÓN DE CARIES DENTALES EN RADIOGRAFÍAS.', '2024-11-19', '2024-11-19 19:23:50', '2024-11-19 19:23:50'),
(107, 'ERS SISTEMA DE SIMULACIÓN DENTAL DEL TRATAMIENTO DE ORTODONCIA EN 3D MEDIANTE RECONOCIMIENTO DE IMAGENES', 'GETTY', 'ERS SISTEMA DE SIMULACIÓN DENTAL DEL TRATAMIENTO DE ORTODONCIA EN 3D MEDIANTE RECONOCIMIENTO DE IMAGENES', '2024-11-19', '2024-11-19 19:24:57', '2024-11-19 19:24:57'),
(108, 'SISTEMA INFORMATICO DE ALMACENES DEL SEDEGES', 'SEDEGES', 'SISTEMA INFORMATICO DE ALMACENES DEL SEDEGES', '2024-11-30', '2024-11-30 21:40:22', '2024-11-30 21:40:39'),
(109, 'SISTEMA EDUCATIVO DE HARDWARE', 'HARDWARE', 'SISTEMA EDUCATIVO DE HARDWARE EN PHP PURO', '2025-01-02', '2025-01-03 00:37:36', '2025-01-03 00:37:36'),
(110, 'PLATAFORMA WEB PARA DROPSHIPPING', 'GOIRDROP', 'PLATAFORMA WEB PARA DROPSHIPPING', '2025-02-24', '2025-02-24 14:27:59', '2025-02-24 14:27:59'),
(111, 'REPORTES CON SCRAPING', 'RPS', 'REPORTES CON SCRAPING USANDO PYTHON', '2025-02-25', '2025-02-25 15:07:23', '2025-02-25 15:07:23'),
(112, 'SISTEMA TOURS', 'TOURS', 'SISTEMA REALIZADO EN LARAVEL 11.31 BACKEND Y FRONTEND REACT', '2025-04-22', '2025-04-22 19:20:00', '2025-04-22 19:20:00');

-- --------------------------------------------------------

--
-- Estructura de tabla para la tabla `tipo_cambios`
--

CREATE TABLE `tipo_cambios` (
  `id` bigint UNSIGNED NOT NULL,
  `moneda1_id` bigint UNSIGNED NOT NULL,
  `valor1` decimal(24,2) NOT NULL,
  `moneda2_id` bigint UNSIGNED NOT NULL,
  `valor2` decimal(24,2) NOT NULL,
  `menor_valor` bigint UNSIGNED NOT NULL,
  `defecto` int NOT NULL,
  `created_at` timestamp NULL DEFAULT NULL,
  `updated_at` timestamp NULL DEFAULT NULL
) ENGINE=InnoDB DEFAULT CHARSET=utf8mb4 COLLATE=utf8mb4_unicode_ci;

--
-- Volcado de datos para la tabla `tipo_cambios`
--

INSERT INTO `tipo_cambios` (`id`, `moneda1_id`, `valor1`, `moneda2_id`, `valor2`, `menor_valor`, `defecto`, `created_at`, `updated_at`) VALUES
(1, 1, 6.96, 2, 1.00, 1, 1, NULL, '2023-09-22 23:12:30'),
(2, 1, 6.97, 2, 1.00, 0, 0, '2023-09-25 21:19:16', '2023-09-25 21:19:16'),
(3, 1, 6.98, 2, 1.00, 0, 0, '2023-09-25 21:19:32', '2023-09-25 22:22:24'),
(5, 1, 7.00, 2, 1.00, 0, 0, '2025-02-24 14:30:33', '2025-02-24 14:30:33');

-- --------------------------------------------------------

--
-- Estructura de tabla para la tabla `trabajos`
--

CREATE TABLE `trabajos` (
  `id` bigint UNSIGNED NOT NULL,
  `proyecto_id` bigint UNSIGNED NOT NULL,
  `cliente_id` bigint UNSIGNED NOT NULL,
  `costo_original` decimal(24,2) NOT NULL,
  `moneda_seleccionada_id` bigint UNSIGNED NOT NULL,
  `costo` decimal(24,2) NOT NULL,
  `moneda_id` bigint UNSIGNED NOT NULL,
  `tipo_cambio_id` bigint UNSIGNED NOT NULL,
  `cancelado` decimal(24,2) NOT NULL,
  `saldo` decimal(24,2) NOT NULL,
  `cancelado_cambio` decimal(24,2) NOT NULL,
  `saldo_cambio` decimal(24,2) NOT NULL,
  `costo_cambio` decimal(24,2) NOT NULL,
  `moneda_cambio_id` bigint UNSIGNED NOT NULL,
  `estado_pago` enum('PENDIENTE','COMPLETO') CHARACTER SET utf8mb4 COLLATE utf8mb4_unicode_ci NOT NULL,
  `descripcion` text CHARACTER SET utf8mb4 COLLATE utf8mb4_unicode_ci NOT NULL,
  `fecha_inicio` date NOT NULL,
  `dias_plazo` int NOT NULL,
  `fecha_entrega` date NOT NULL,
  `estado_trabajo` enum('EN PROCESO','ENVIADO','CONCLUIDO') CHARACTER SET utf8mb4 COLLATE utf8mb4_unicode_ci NOT NULL,
  `fecha_envio` date DEFAULT NULL,
  `fecha_conclusion` date DEFAULT NULL,
  `fecha_registro` date NOT NULL,
  `created_at` timestamp NULL DEFAULT NULL,
  `updated_at` timestamp NULL DEFAULT NULL
) ENGINE=InnoDB DEFAULT CHARSET=utf8mb4 COLLATE=utf8mb4_unicode_ci;

--
-- Volcado de datos para la tabla `trabajos`
--

INSERT INTO `trabajos` (`id`, `proyecto_id`, `cliente_id`, `costo_original`, `moneda_seleccionada_id`, `costo`, `moneda_id`, `tipo_cambio_id`, `cancelado`, `saldo`, `cancelado_cambio`, `saldo_cambio`, `costo_cambio`, `moneda_cambio_id`, `estado_pago`, `descripcion`, `fecha_inicio`, `dias_plazo`, `fecha_entrega`, `estado_trabajo`, `fecha_envio`, `fecha_conclusion`, `fecha_registro`, `created_at`, `updated_at`) VALUES
(1, 1, 1, 500.00, 1, 500.00, 1, 0, 500.00, 0.00, 500.00, 0.00, 500.00, 0, 'COMPLETO', 'REALIZACIÓN DE UN SISTEMA DE CONTROL DE PARQUEO CON TECNOLOGÍA RFID. UTILIZANDO EL FRAMEWORK LARAVEL', '2020-06-04', 20, '2020-09-15', 'CONCLUIDO', '2020-09-15', NULL, '2022-10-04', '2022-10-05 01:14:25', '2023-09-25 16:26:49'),
(2, 2, 1, 400.00, 1, 400.00, 1, 0, 400.00, 0.00, 400.00, 0.00, 400.00, 0, 'COMPLETO', 'REALIZACIÓN DE UN SISTEMA PARA LA EVALUACIÓN AUTOMATICA DE PRUEBAS, UTILIZANDO REDES NEURONALES. PROYECTO REALIZADO CON LARAVEL', '2020-06-17', 20, '2020-10-24', 'CONCLUIDO', '2020-10-24', NULL, '2022-10-04', '2022-10-05 01:44:05', '2023-09-25 16:26:49'),
(3, 3, 1, 300.00, 1, 300.00, 1, 0, 300.00, 0.00, 300.00, 0.00, 300.00, 0, 'COMPLETO', 'AGREGACIÓN DE FUNCIONALIDAD CHAT BOT DE TELEGRAM', '2020-10-01', 10, '2020-10-10', 'CONCLUIDO', '2020-10-10', NULL, '2022-10-04', '2022-10-05 01:48:00', '2023-09-25 16:26:49'),
(4, 4, 1, 696.00, 1, 696.00, 1, 0, 696.00, 0.00, 696.00, 0.00, 696.00, 0, 'COMPLETO', 'DESARROLLO DE UN SISTEMA PARA LA GESTIÓN PARROQUIAL UTILIZANDO EL FRAMEWORK LARAVEL', '2020-09-01', 20, '2020-09-20', 'CONCLUIDO', '2020-09-20', NULL, '2022-10-04', '2022-10-05 01:50:41', '2023-09-25 16:26:49'),
(5, 2, 1, 200.00, 1, 200.00, 1, 0, 200.00, 0.00, 200.00, 0.00, 200.00, 0, 'COMPLETO', 'AGREGACIÓN DE FUNCIONALIDAD EN EL MODULO DE PREGUNTAS (AUDIO) Y TEMPORIZADOR', '2020-10-23', 1, '2020-10-24', 'CONCLUIDO', '2020-10-24', NULL, '2022-10-04', '2022-10-05 01:52:40', '2023-09-25 16:26:49'),
(6, 1, 1, 350.00, 1, 350.00, 1, 0, 350.00, 0.00, 350.00, 0.00, 350.00, 0, 'COMPLETO', 'AGREGACIÓN DE NUEVOS MODULOS AL PROYECTO', '2020-09-11', 4, '2020-09-15', 'CONCLUIDO', '2020-09-15', NULL, '2022-10-04', '2022-10-05 01:53:58', '2023-09-25 16:26:49'),
(7, 5, 1, 140.00, 2, 974.40, 1, 1, 974.40, 0.00, 140.00, 0.00, 140.00, 2, 'COMPLETO', 'SISTEMA PARA LA ADMINISTRACIÓN ACADEMICA, UTLIZANDO SOLO PHP', '2020-10-22', 20, '2020-11-25', 'CONCLUIDO', '2020-11-25', NULL, '2022-10-04', '2022-10-05 01:57:33', '2023-09-25 16:26:49'),
(8, 2, 1, 200.00, 1, 200.00, 1, 0, 200.00, 0.00, 200.00, 0.00, 200.00, 0, 'COMPLETO', 'MODIFICACIONES AL PROYECTO, AGREGANDO N EVALUACIONES POR ESTUDIANTES + REPORTES', '2020-10-23', 1, '2020-10-24', 'CONCLUIDO', '2020-10-24', NULL, '2022-10-04', '2022-10-05 01:58:58', '2023-09-25 16:26:49'),
(9, 6, 1, 120.00, 2, 835.20, 1, 1, 835.20, 0.00, 120.00, 0.00, 120.00, 2, 'COMPLETO', 'SISTEMA DE AGENDAMIENTO DE CITAS MÉDICAS CON INTEGRACIÓN DE CHATBOOT. REALIZADO CON LARAVEL', '2020-11-10', 5, '2020-11-16', 'CONCLUIDO', '2020-11-16', NULL, '2022-10-04', '2022-10-05 02:01:02', '2023-09-25 16:26:49'),
(10, 7, 1, 180.00, 2, 1252.80, 1, 1, 1252.80, 0.00, 180.00, 0.00, 180.00, 2, 'COMPLETO', 'SISTEMA PARA ESPECIALIDADES MÉDICAS DE HOSPITAL. UTILIZANDO JAVASSCRIPT (NODEJS)', '2020-11-18', 8, '2020-11-26', 'CONCLUIDO', '2020-11-26', NULL, '2022-10-04', '2022-10-05 02:03:10', '2023-09-25 16:26:49'),
(11, 8, 1, 200.00, 1, 200.00, 1, 0, 200.00, 0.00, 200.00, 0.00, 200.00, 0, 'COMPLETO', 'AGREGACIÓN DE REPORTES Y REALIZACIÓN DE CORRECCIONES EN EL SISTEMA, PROYECTO REALIZADO EN JAVA', '2020-11-18', 8, '2020-11-26', 'CONCLUIDO', '2020-11-26', NULL, '2022-10-04', '2022-10-05 02:10:30', '2023-09-25 16:26:49'),
(12, 9, 1, 120.00, 2, 835.20, 1, 1, 835.20, 0.00, 120.00, 0.00, 120.00, 2, 'COMPLETO', 'DESARROLLO DE UN SISTEMA DE CONTROL Y SEGUIMIENTO DE RUTAS DE TRACTO CISTERNAS. UTILIZANDO LARAVEL', '2020-12-07', 21, '2020-12-28', 'CONCLUIDO', '2020-12-28', NULL, '2022-10-04', '2022-10-05 02:19:51', '2023-09-25 16:26:49'),
(13, 10, 1, 500.00, 1, 500.00, 1, 0, 500.00, 0.00, 500.00, 0.00, 500.00, 0, 'COMPLETO', 'REALIZACIÓN DE MODIFICACIONES AL SISTEMA PRENDASOL (REALIZADO EN LARAVEL 5.3). MODIFICACIÓN EN COSTO DE INTERES, COSTO DE ORO, AGREGACIÓN DE MONEDAS BS Y $US Y LISTA DE MORAS', '2021-01-05', 17, '2021-01-22', 'CONCLUIDO', '2021-01-22', NULL, '2022-10-04', '2022-10-05 02:22:19', '2023-09-25 16:26:49'),
(14, 11, 1, 120.00, 2, 835.20, 1, 1, 835.20, 0.00, 120.00, 0.00, 120.00, 2, 'COMPLETO', 'DESARROLLO DE UN SISTEMA WEB DE CONTROL Y SEGUIMIENTO DE ACTIVOS FIJOS CON RFID, UTILIZANDO LARAVEL', '2021-01-12', 10, '2021-01-22', 'CONCLUIDO', '2021-01-22', NULL, '2022-10-04', '2022-10-05 02:24:54', '2023-09-25 16:26:49'),
(15, 12, 1, 100.00, 2, 696.00, 1, 1, 696.00, 0.00, 100.00, 0.00, 100.00, 2, 'COMPLETO', 'DESARROLLO DE UNA APLICACIÓN WEB PARA EL PROCESO DE CAPACITACION, UTILIZANDO LARAVEL EN CONJUNTO DE CHAT BOT DE TELEGRAM', '2020-04-01', 90, '2020-06-12', 'CONCLUIDO', '2020-06-12', NULL, '2022-10-04', '2022-10-05 02:29:37', '2023-09-25 16:26:49'),
(16, 10, 1, 700.00, 1, 700.00, 1, 0, 700.00, 0.00, 700.00, 0.00, 700.00, 0, 'COMPLETO', 'CORRECCIÓN DE FUNCIONALIDAD Y AGREGACIÓN DE NUEVOS REPORTES, SOBRE EL SISTEMA PRENDASOL', '2021-01-27', 16, '2021-02-12', 'CONCLUIDO', '2021-02-12', NULL, '2022-10-04', '2022-10-05 02:31:09', '2023-09-25 16:26:49'),
(17, 13, 1, 100.00, 2, 696.00, 1, 1, 696.00, 0.00, 100.00, 0.00, 100.00, 2, 'COMPLETO', 'DESARROLLO DE UN SISTEMA PORTAL DE PRESTAMO BIBLIOTECARIO, UTILIZANDO LARAVEL', '2021-02-11', 12, '2021-02-23', 'CONCLUIDO', '2021-02-23', NULL, '2022-10-04', '2022-10-05 02:33:36', '2023-09-25 16:26:49'),
(18, 14, 1, 100.00, 2, 696.00, 1, 1, 696.00, 0.00, 100.00, 0.00, 100.00, 2, 'COMPLETO', 'DESARROLLO DE UN SISTEMA DE GESTIÓN DE RECURSOS HUMANOS APLICANDO KEY PERFORMACE INDICADOR (KPI), UTILIZANDO LARAVEL', '2021-03-17', 9, '2021-03-26', 'CONCLUIDO', '2021-03-26', NULL, '2022-10-04', '2022-10-05 02:34:56', '2023-09-25 16:26:49'),
(19, 15, 1, 100.00, 2, 696.00, 1, 1, 696.00, 0.00, 100.00, 0.00, 100.00, 2, 'COMPLETO', 'DESARROLLO DE UN SISTEMA PARA EL CONTROL DE PROCESOS OPERATIVOS DEL ÁREA DE RIESGO CREDITICIO, UTILIZANDO LARAVEL', '2021-03-19', 13, '2021-04-01', 'CONCLUIDO', '2021-04-01', NULL, '2022-10-04', '2022-10-05 02:36:31', '2023-09-25 16:26:49'),
(20, 16, 1, 500.00, 1, 500.00, 1, 0, 500.00, 0.00, 500.00, 0.00, 500.00, 0, 'COMPLETO', 'REALIZACIÓN DE REPORTES DE VENTAS UTILIZANDO LA HERRAMIENTA POWERBI', '2021-04-12', 2, '2021-04-14', 'CONCLUIDO', '2021-04-14', NULL, '2022-10-04', '2022-10-05 02:38:18', '2023-09-25 16:26:49'),
(21, 17, 1, 129.31, 2, 900.00, 1, 1, 900.00, 0.00, 129.31, 0.00, 129.31, 2, 'COMPLETO', 'DESAROLLO DE SISTEMA WEB ACADÉMICO Y FINANCIERO, UTILIZANDO LARAVEL. PRECIO MODIFICADO DE 200 $US A 129.31', '2021-04-19', 36, '2021-05-25', 'CONCLUIDO', '2021-05-25', NULL, '2022-10-04', '2022-10-05 02:39:51', '2023-09-25 16:26:49'),
(22, 18, 1, 400.00, 1, 400.00, 1, 0, 400.00, 0.00, 400.00, 0.00, 400.00, 0, 'COMPLETO', 'MODIFICACIONES EN EL SISTEMA DE PARQUEO TORRESMALL', '2021-05-19', 2, '2021-05-21', 'CONCLUIDO', '2021-05-21', NULL, '2022-10-04', '2022-10-05 02:44:38', '2023-09-25 16:26:49'),
(23, 19, 1, 200.00, 2, 1394.00, 1, 2, 1150.00, 244.00, 165.12, 34.88, 200.00, 2, 'PENDIENTE', 'DESARROLO DE UN SISTEMA WEB DE EXPOSICIÓN DE PRODUCTOS Y PUNTOS DE VENTAS, UTILIZANDO LARAVEL', '2021-05-28', 10, '2021-06-07', 'CONCLUIDO', '2021-06-07', NULL, '2022-10-04', '2022-10-05 02:46:18', '2024-01-10 14:59:45'),
(24, 7, 1, 300.00, 1, 300.00, 1, 0, 300.00, 0.00, 300.00, 0.00, 300.00, 0, 'COMPLETO', 'MODIFICACIONES DEL SISTEMA', '2021-05-28', 10, '2021-06-07', 'CONCLUIDO', '2021-06-07', NULL, '2022-10-04', '2022-10-05 02:47:25', '2023-09-25 16:26:49'),
(25, 10, 1, 600.00, 1, 600.00, 1, 0, 600.00, 0.00, 600.00, 0.00, 600.00, 0, 'COMPLETO', 'AGREGACIÓN DE REPORTES Y UN NUEVO MODULO.(FASE 3)', '2021-01-27', 16, '2021-02-12', 'CONCLUIDO', '2021-02-12', NULL, '2022-10-04', '2022-10-05 02:48:26', '2023-09-25 16:26:49'),
(26, 20, 1, 100.00, 2, 696.00, 1, 1, 696.00, 0.00, 100.00, 0.00, 100.00, 2, 'COMPLETO', 'DESARROLLO DE UN SISTEMA DE INFORMACIÓN PARA SEGUIMIENTO DE PACIENTES, UTILIZANDO LARAVEL', '2021-06-21', 4, '2021-06-25', 'CONCLUIDO', '2021-06-25', NULL, '2022-10-04', '2022-10-05 02:50:07', '2023-09-25 16:26:49'),
(27, 52, 1, 400.00, 1, 400.00, 1, 0, 0.00, 400.00, 0.00, 400.00, 400.00, 0, 'PENDIENTE', 'MODIFICACIONES DEL SISTEMA IVORFID, CAMBIANDO SU ALIAS A \"IVOCHAT\". AGREGACIÓN DE ENVIO DE MENSAJES POR TELEGRAM, CORREO E IMPORTACIÓN DE REGISTROS A TRAVES DE ARCHIVOS EXCEL', '2021-06-21', 4, '2021-06-25', 'CONCLUIDO', '2021-06-25', NULL, '2022-10-04', '2022-10-05 02:52:41', '2023-09-25 16:26:49'),
(28, 22, 1, 500.00, 1, 500.00, 1, 0, 500.00, 0.00, 500.00, 0.00, 500.00, 0, 'COMPLETO', 'DEASRROLO DE UN SISTEMA WEB DE REGISTRO DE EJECUCIÓN DE PRESUPUESTO, UTILIZANDO LARAVEL', '2021-07-07', 1, '2021-07-08', 'CONCLUIDO', '2021-07-08', NULL, '2022-10-04', '2022-10-05 02:54:43', '2023-09-25 16:26:49'),
(29, 23, 1, 140.00, 2, 974.40, 1, 1, 687.20, 287.20, 98.74, 41.26, 140.00, 2, 'PENDIENTE', 'DESARROLO DE UN SISTEMA WEB DE PEDIDOS Y ENTREGAS A DOMICILIO CON PAGOS QR, UTILIZANDO LARAVEL', '2021-07-07', 12, '2021-07-19', 'CONCLUIDO', '2021-07-19', NULL, '2022-10-04', '2022-10-05 02:57:21', '2023-09-25 16:26:49'),
(30, 24, 1, 100.00, 2, 696.00, 1, 1, 696.00, 0.00, 100.00, 0.00, 100.00, 2, 'COMPLETO', 'DESARROLLO DE UN SISTEMA DE INFORMACIÓN DE REGISTRO Y SEGUIMIENTO DE CARGOS DE CUENTAS, UTILIZANDO LARAVEL', '2021-09-13', 8, '2021-09-21', 'CONCLUIDO', '2021-09-21', NULL, '2022-10-05', '2022-10-05 20:04:49', '2023-09-25 16:26:49'),
(31, 10, 1, 500.00, 1, 500.00, 1, 0, 500.00, 0.00, 500.00, 0.00, 500.00, 0, 'COMPLETO', 'MODIFICACIONES SOBRE EL SISTEMA PRENDASOL - FASE 4', '2021-09-20', 4, '2021-09-24', 'CONCLUIDO', '2021-09-24', NULL, '2022-10-05', '2022-10-05 20:05:42', '2023-09-25 16:26:49'),
(32, 25, 1, 100.00, 2, 696.00, 1, 1, 696.00, 0.00, 100.00, 0.00, 100.00, 2, 'COMPLETO', 'DESARROLLO DE UN SISTEMA DE INFORMACIÓN DE CONTROL Y SEGUIMIENTO DE CORRESPONDENCIA DE  DOCUMENTOS APLICANDO CÓDIGO QR, UTULIZANDO LARAVEL', '2021-10-01', 3, '2021-10-13', 'CONCLUIDO', '2021-10-13', NULL, '2022-10-05', '2022-10-05 20:07:26', '2023-09-25 16:26:49'),
(33, 26, 1, 100.00, 2, 696.00, 1, 1, 696.00, 0.00, 100.00, 0.00, 100.00, 2, 'COMPLETO', 'DESAROOLO DE UN SISTEMA DE EVALUACIÓN FISICA, UTILIZANDO LARAVEL', '2021-10-01', 20, '2021-10-20', 'CONCLUIDO', '2021-10-20', NULL, '2022-10-05', '2022-10-05 20:11:20', '2023-09-25 16:26:49'),
(34, 10, 1, 200.00, 1, 200.00, 1, 0, 200.00, 0.00, 200.00, 0.00, 200.00, 0, 'COMPLETO', 'ADICION DE 2 NUEVAS SUCURSALES EN EL SISTEMA PRENDASOL', '2021-10-20', 0, '2021-10-20', 'CONCLUIDO', '2021-10-20', NULL, '2022-10-05', '2022-10-05 16:43:45', '2023-09-25 16:26:49'),
(35, 27, 1, 250.00, 2, 1740.00, 1, 1, 1170.00, 570.00, 168.10, 81.90, 250.00, 2, 'PENDIENTE', 'DESARROLLO DE UN SISTEMA ERP CHIRI, UTILIZANDO LARAVEL', '2021-10-19', 30, '2021-11-18', 'CONCLUIDO', '2021-11-05', NULL, '2022-10-05', '2022-10-05 16:46:42', '2023-12-21 00:52:24'),
(36, 26, 1, 400.00, 1, 400.00, 1, 0, 400.00, 0.00, 400.00, 0.00, 400.00, 0, 'COMPLETO', 'MODIFICACIONES EN EL SISTEMA SISIFISCA', '2021-11-29', 2, '2021-12-01', 'CONCLUIDO', '2021-12-01', NULL, '2022-10-05', '2022-10-05 16:47:27', '2023-09-25 16:26:49'),
(37, 28, 1, 120.00, 2, 835.20, 1, 1, 835.20, 0.00, 120.00, 0.00, 120.00, 2, 'COMPLETO', 'DESARROLLO DE UN SISTEMA DE CONTROL Y REVISIÓN DE IMÁGENES, UTILIZANDO LARAVEL', '2021-12-29', 14, '2022-01-12', 'CONCLUIDO', '2022-01-12', '2023-12-15', '2022-10-05', '2022-10-05 16:49:05', '2023-12-15 14:48:16'),
(38, 29, 1, 100.00, 2, 696.00, 1, 1, 396.00, 300.00, 56.90, 43.10, 100.00, 2, 'PENDIENTE', 'DESARROLLO DE UN SISTEMA WEB PARA EL CONTROL DE ASISTENCIA APLICANDO RFID, UTILIZANDO LARAVEL', '2022-01-24', 30, '2022-02-23', 'CONCLUIDO', '2022-02-14', NULL, '2022-10-05', '2022-10-05 16:52:06', '2023-09-25 16:26:49'),
(39, 10, 1, 600.00, 1, 600.00, 1, 0, 600.00, 0.00, 600.00, 0.00, 600.00, 0, 'COMPLETO', 'MODIFICACIONES DE REPORTES DEL SISTEMA PRENDASOL Y CREACIÓN DE UN PORTAL WEB PARA EL MISMO', '2022-04-06', 60, '2022-06-05', 'CONCLUIDO', '2022-05-30', NULL, '2022-10-05', '2022-10-05 16:55:35', '2023-09-25 16:26:49'),
(40, 30, 1, 400.00, 1, 400.00, 1, 0, 400.00, 0.00, 400.00, 0.00, 400.00, 0, 'COMPLETO', 'DESARROLO  DE UN SISTEMA WEB SIMULADOR DE FACTURA, CON LARAVEL', '2022-04-27', 5, '2022-05-02', 'CONCLUIDO', '2022-05-02', NULL, '2022-10-05', '2022-10-05 16:57:15', '2023-09-25 16:26:49'),
(41, 31, 1, 100.00, 2, 696.00, 1, 1, 696.00, 0.00, 100.00, 0.00, 100.00, 2, 'COMPLETO', 'DESARROLLO DE UN SISTEMA WEB DE PARTES DIARIOS DE MAQUINARIA PESADA, CON LARAVEL', '2022-05-19', 9, '2022-05-28', 'CONCLUIDO', '2022-05-28', NULL, '2022-10-05', '2022-10-05 16:59:27', '2023-09-25 16:26:49'),
(42, 11, 1, 50.00, 1, 50.00, 1, 0, 50.00, 0.00, 50.00, 0.00, 50.00, 0, 'COMPLETO', 'AGREGACIÓN DE UN REPORTE GRÁFICO', '2022-06-01', 0, '2022-06-01', 'CONCLUIDO', '2022-06-01', NULL, '2022-10-05', '2022-10-05 17:00:13', '2023-09-25 16:26:49'),
(43, 32, 1, 100.00, 2, 696.00, 1, 1, 696.00, 0.00, 100.00, 0.00, 100.00, 2, 'COMPLETO', 'DEASAROOLO DE UN SISTEMA INFORMÁTICO PARA EL CONTROL DE GASTOS DE VIÁTICOS ASIGNADOS, CON LARAVEL', '2022-07-13', 30, '2022-08-12', 'CONCLUIDO', '2022-08-01', NULL, '2022-10-05', '2022-10-05 17:03:56', '2023-09-25 16:26:49'),
(44, 33, 1, 100.00, 2, 696.00, 1, 1, 696.00, 0.00, 100.00, 0.00, 100.00, 2, 'COMPLETO', 'DESARROOLO DE UN SISTEMA DE ACADÉMICO DE POSTGRADO, CON LARAVEL', '2022-08-08', 8, '2022-08-16', 'CONCLUIDO', '2022-08-16', NULL, '2022-10-05', '2022-10-05 17:55:25', '2023-09-25 16:26:49'),
(45, 30, 1, 50.00, 1, 50.00, 1, 0, 50.00, 0.00, 50.00, 0.00, 50.00, 0, 'COMPLETO', 'MODIFICACIONES SOBRE EL SISTEMA', '2022-08-24', 0, '2022-08-24', 'CONCLUIDO', '2022-08-24', NULL, '2022-10-05', '2022-10-05 17:56:15', '2023-09-25 16:26:49'),
(46, 34, 1, 100.00, 2, 696.00, 1, 1, 696.00, 0.00, 100.00, 0.00, 100.00, 2, 'COMPLETO', 'DESARROLLO DE UN SISTEMA DE GESTIÓN DE REQUERMIENTOS DE USUARIOS MESA DE AYUDA, CON LARAVEL', '2022-07-27', 33, '2022-08-29', 'CONCLUIDO', '2022-08-29', NULL, '2022-10-05', '2022-10-05 18:18:07', '2023-09-25 16:26:49'),
(47, 10, 1, 50.00, 1, 50.00, 1, 0, 50.00, 0.00, 50.00, 0.00, 50.00, 0, 'COMPLETO', 'AGREGACIÓN DE UNA NUEVA SUCURSAL', '2021-08-31', 0, '2021-08-31', 'CONCLUIDO', '2021-08-31', NULL, '2022-10-05', '2022-10-05 18:18:44', '2023-09-25 16:26:49'),
(48, 28, 1, 200.00, 1, 200.00, 1, 0, 200.00, 0.00, 200.00, 0.00, 200.00, 0, 'COMPLETO', 'MODIFICACIONES SOBRE EL SISTEMA', '2022-09-09', 2, '2022-09-11', 'CONCLUIDO', '2022-09-11', NULL, '2022-10-05', '2022-10-05 18:19:47', '2023-09-25 16:26:49'),
(49, 35, 1, 100.00, 2, 696.00, 1, 1, 696.00, 0.00, 100.00, 0.00, 100.00, 2, 'COMPLETO', 'DESARROLLO DE UN SISTEMA WEB DE CONTROL Y ASIGNACIÓN DE PERSONAL DE SEGURIDAD A PUESTOS DE VIGILANCIA UTILIZANDO ALGORITMOS GENÉTICOS, CON LARAVEL', '2022-09-08', 22, '2022-09-30', 'CONCLUIDO', '2022-09-19', NULL, '2022-10-05', '2022-10-05 18:21:27', '2023-09-25 16:26:49'),
(50, 36, 1, 100.00, 2, 696.00, 1, 1, 696.00, 0.00, 100.00, 0.00, 100.00, 2, 'COMPLETO', 'DESARROLLO DE UN SISTEMA DE LOGÍSTICA DE TRANSPORTE MARÍTIMO, CON LARAVEL', '2022-09-15', 22, '2022-10-07', 'CONCLUIDO', '2022-10-03', '2023-12-15', '2022-10-05', '2022-10-05 18:24:43', '2023-12-15 14:48:03'),
(51, 37, 1, 300.00, 1, 300.00, 1, 0, 300.00, 0.00, 300.00, 0.00, 300.00, 0, 'COMPLETO', 'PROGRAMA DE REGISTRO DE PERSONAL Y ASISTENCIAS EN JAVA, UTILIZANDO ARCHIVOS TXT COMO BD', '2022-10-06', 2, '2022-10-08', 'CONCLUIDO', '2022-10-08', '2023-12-15', '2022-10-09', '2022-10-09 23:06:41', '2023-12-15 14:47:56'),
(54, 38, 2, 75.00, 1, 75.00, 1, 0, 75.00, 0.00, 75.00, 0.00, 75.00, 0, 'COMPLETO', 'PROMOCIONES: REGISTRAR VARIOS PRODUCTOS AL CREAR UNA.\nMOSTRAR PROMOCIONES VIGENTES Y CADUCADOS.\nALMACENAR LOS DESCUENTO DIRECTAMENTE COMO MONTOS.\nVALIDAR ELIMINACIÓN SOLO ADMINISTRADOR\nMOSTRAR 50 REGISTROS EN LAS TABLAS DE REGISTROS\nAGREGAR MODULO DE EDICION DE VENTAS (SOLO ADMINISTRADOR)\nAGREGAR OPCIONES DE ELIMINACION, EDICION EN VER PROFORMA DE VENTA', '2022-10-07', 3, '2022-10-10', 'CONCLUIDO', '2022-10-10', NULL, '2022-10-10', '2022-10-10 17:41:21', '2023-09-25 16:26:49'),
(55, 39, 1, 200.00, 2, 1392.00, 1, 1, 1100.00, 292.00, 158.05, 41.95, 200.00, 2, 'PENDIENTE', 'DESARROLLO DE UN SISTEMA DE PROGRAMACIÓN OPERATIVA ANUAL, UTILIZANDO LARAVEL.', '2022-10-12', 25, '2022-11-06', 'ENVIADO', '2022-11-05', NULL, '2022-10-12', '2022-10-12 23:10:38', '2023-09-25 16:26:49'),
(56, 40, 1, 100.00, 2, 696.00, 1, 1, 696.00, 0.00, 100.00, 0.00, 100.00, 2, 'COMPLETO', 'DESARROLLO DE SISTEMA WEB FARMACEUTICO  PARA EL CONTROL Y SEGUIMIENTO DE REGISTROS SANITARIOS FARMACEUTICOS CON LARAVEL', '2022-10-26', 22, '2022-11-17', 'CONCLUIDO', '2022-11-01', '2023-11-28', '2022-10-26', '2022-10-26 21:26:31', '2023-11-29 02:29:22'),
(57, 41, 1, 500.00, 1, 500.00, 1, 0, 500.00, 0.00, 500.00, 0.00, 500.00, 0, 'COMPLETO', 'DESARROLLO DE UN SISTEMA DE CONTROL DE USUARIOS SOBRE PRIVILEGIOS DE SISTEMAS CON LARAVEL', '2022-11-01', 22, '2022-11-23', 'CONCLUIDO', '2022-11-07', NULL, '2022-11-01', '2022-11-01 22:12:06', '2023-09-25 16:26:49'),
(58, 33, 1, 100.00, 1, 100.00, 1, 0, 100.00, 0.00, 100.00, 0.00, 100.00, 0, 'COMPLETO', 'OBSERVACIONES 03 - AGREGACIÓN DE MODULO DE LICENCIAS Y ABANDONOS; NUEVO REPORTE CRONOGRAMA Y DOCENTES', '2022-11-07', 1, '2022-11-08', 'CONCLUIDO', NULL, '2023-12-15', '2022-11-07', '2022-11-07 23:03:32', '2023-12-15 14:47:41'),
(59, 42, 1, 130.00, 2, 904.80, 1, 1, 904.80, 0.00, 130.00, 0.00, 130.00, 2, 'COMPLETO', 'DESARROLLO DE UN SISTEMA DE ADMINISTRACIÓN DE GIMNASIO CON RFID CON LARAVEL', '2022-11-17', 22, '2022-12-09', 'CONCLUIDO', NULL, NULL, '2022-11-17', '2022-11-17 23:21:37', '2023-09-25 16:26:49'),
(60, 43, 1, 500.00, 1, 500.00, 1, 0, 500.00, 0.00, 500.00, 0.00, 500.00, 0, 'COMPLETO', 'CORRECCIÓN DE OBSERVACIONES DEL SISTEMA SISFUTBOLLNEW', '2022-11-21', 4, '2022-11-25', 'CONCLUIDO', '2022-11-21', '2023-12-15', '2022-11-22', '2022-11-22 08:55:04', '2023-12-15 14:47:38'),
(61, 44, 6, 150.00, 1, 150.00, 1, 0, 150.00, 0.00, 150.00, 0.00, 150.00, 0, 'COMPLETO', 'DAR FUNCIONALIDAD A LA CONEXIÓN DE BASE DE DATOS FLASK CON SQL SERVER, CRUD USUARIOS, CRUD, PRODUCTOS, REGISTRO DE COMPRAS DESDE EL CARRITO', '2022-11-28', 1, '2022-11-29', 'CONCLUIDO', '2022-11-29', NULL, '2022-11-29', '2022-11-29 15:08:30', '2023-09-25 16:26:49'),
(62, 41, 1, 100.00, 1, 100.00, 1, 0, 100.00, 0.00, 100.00, 0.00, 100.00, 0, 'COMPLETO', 'MODIFICACIONES AL SISTEMA, EN CUANTO AL REGISTOR DE FUNCIONARIOS, SE DEBE REALACIONAR CONTRO OTRO SISTEMA \"LOGGIN\"', '2022-11-29', 3, '2022-12-02', 'CONCLUIDO', '2022-11-30', '2023-12-15', '2022-11-30', '2022-11-30 09:25:19', '2023-12-15 14:43:43'),
(63, 45, 1, 200.00, 2, 1392.00, 1, 1, 1392.00, 0.00, 200.00, 0.00, 200.00, 2, 'COMPLETO', 'DESARROLLO DE SISTEMA LARAVEL', '2023-01-10', 22, '2023-02-01', 'CONCLUIDO', NULL, NULL, '2023-01-10', '2023-01-11 02:07:34', '2023-09-25 16:26:49'),
(64, 10, 1, 350.00, 1, 350.00, 1, 0, 350.00, 0.00, 350.00, 0.00, 350.00, 0, 'COMPLETO', 'MODIFICACIONES SOBRE EL SISTEMA PRENDASOL (LARAVEL 5.3). FASE VIII - OBSERVACIONES 16 + 3 REPORTES (SE AUMENTO 50 BS. AL MONTO ORIGINAL DE 300 BS)', '2023-02-07', 3, '2023-02-10', 'CONCLUIDO', NULL, '2023-12-15', '2023-02-06', '2023-02-07 02:12:56', '2023-12-15 14:47:31'),
(65, 26, 1, 200.00, 1, 200.00, 1, 0, 200.00, 0.00, 200.00, 0.00, 200.00, 0, 'COMPLETO', 'MODIFICACIONES SOBRE EL SISTEMA', '2023-02-15', 7, '2023-02-22', 'CONCLUIDO', NULL, '2023-12-15', '2023-02-15', '2023-02-15 23:51:16', '2023-12-15 14:47:29'),
(66, 46, 1, 400.00, 1, 400.00, 1, 0, 200.00, 200.00, 200.00, 200.00, 400.00, 0, 'PENDIENTE', 'DESARROLLO DE UN NUEVO SISTEMA, UTILIZANDO EL SISTEMA WEBSAF COMO BASE. SE AGREGARÁN NUEVOS MODULOS Y FUNCIONALIDADES A ESTE NUEVO SISTEMA USANDO WEBSAF', '2023-03-01', 22, '2023-03-23', 'ENVIADO', '2023-03-21', NULL, '2023-03-02', '2023-03-02 13:30:30', '2024-04-01 21:44:58'),
(67, 38, 2, 115.00, 1, 115.00, 1, 0, 115.00, 0.00, 115.00, 0.00, 115.00, 0, 'COMPLETO', 'MODIFICACIÓN DE DESCUENTOS; AGREGAR DOS TIPOS DE DESCUENTOS POR PORCENTAJE Y BOLIVIANOS. AGREGACIÓN DE UN NUEVO REPORTE DE VENTAS', '2023-02-27', 2, '2023-03-01', 'CONCLUIDO', '2023-03-01', '2023-12-15', '2023-03-02', '2023-03-02 13:32:55', '2023-12-15 14:47:20'),
(68, 47, 1, 256.00, 1, 256.00, 1, 0, 256.00, 0.00, 256.00, 0.00, 256.00, 0, 'COMPLETO', 'PRESENTACIÓN DE UN CURSO DE PHP BÁSICO. COSTO POR HORA 32 BS.; DURANTE 8 DÍAS (1 HORA CADA DÍA). HORARIO DE 20:30 A 21:30. DÍAS (LUNES A VIERNES)', '2023-03-06', 9, '2023-03-15', 'CONCLUIDO', NULL, NULL, '2023-03-08', '2023-03-08 16:08:07', '2023-09-25 16:26:49'),
(69, 10, 1, 50.00, 1, 50.00, 1, 0, 50.00, 0.00, 50.00, 0.00, 50.00, 0, 'COMPLETO', 'AGREGACIÓN DE UNA NUEVA SUCURSAL: PRADO-MEXICO (CAJA1: 121; CAJA2:122)', '2023-03-03', 0, '2023-03-03', 'CONCLUIDO', '2023-03-03', '2023-12-15', '2023-03-08', '2023-03-08 16:35:26', '2023-12-15 14:47:15'),
(70, 48, 1, 200.00, 1, 200.00, 1, 0, 200.00, 0.00, 200.00, 0.00, 200.00, 0, 'COMPLETO', 'MODIFICACIONES SOBRE EL SISTEMA SISBIO', '2023-03-09', 5, '2023-03-14', 'CONCLUIDO', '2023-03-13', NULL, '2023-03-10', '2023-03-10 16:21:02', '2023-09-25 16:26:49'),
(71, 10, 1, 100.00, 1, 100.00, 1, 0, 100.00, 0.00, 100.00, 0.00, 100.00, 0, 'COMPLETO', 'AGREGACIÓN DE DOS NUEVAS SUCURSALES EN EL SISTEMA PRENDASOL', '2023-03-10', 0, '2023-03-10', 'CONCLUIDO', '2023-03-10', NULL, '2023-03-11', '2023-03-11 21:16:35', '2023-09-25 16:26:49'),
(72, 49, 1, 100.00, 1, 100.00, 1, 0, 100.00, 0.00, 100.00, 0.00, 100.00, 0, 'COMPLETO', 'MODIFICACIONES EN EL SISTEMA DE REGISTRO DE TITULOS PROFESIONALES, REALIZADO EN LARAVEL', '2023-03-21', 1, '2023-03-22', 'CONCLUIDO', '2023-03-22', '2023-06-29', '2023-03-21', '2023-03-21 18:56:46', '2023-09-25 16:26:49'),
(73, 10, 1, 50.00, 1, 50.00, 1, 0, 50.00, 0.00, 50.00, 0.00, 50.00, 0, 'COMPLETO', 'AGREGAR NUEVA SUCURSAL \"CENTRAL\" AL SISTEMA PRENDASOL', '2023-04-11', 1, '2023-04-12', 'CONCLUIDO', '2023-04-12', NULL, '2023-04-12', '2023-04-12 14:14:53', '2023-09-25 16:26:49'),
(74, 50, 1, 100.00, 2, 696.00, 1, 1, 696.00, 0.00, 100.00, 0.00, 100.00, 2, 'COMPLETO', 'DESARROLO DE UN SISTEMA DE CONTROL DE VENTAS E INVENTARIO APLICANDO BUSINESS INTELLIGENCE CON LARAVEL', '2023-04-12', 22, '2023-05-04', 'CONCLUIDO', '2023-04-28', '2023-12-15', '2023-04-12', '2023-04-13 02:02:45', '2023-12-15 14:46:55'),
(75, 33, 1, 200.00, 1, 200.00, 1, 0, 200.00, 0.00, 200.00, 0.00, 200.00, 0, 'COMPLETO', 'MODIFICACIONES SOBRE EL SISTEMA (CAPTCHA, OLVIDO CONTRASEÑA, BACKUP DB,...)', '2023-04-17', 5, '2023-04-22', 'CONCLUIDO', NULL, '2023-12-15', '2023-04-17', '2023-04-17 20:20:00', '2023-12-15 14:46:59'),
(76, 10, 1, 100.00, 1, 100.00, 1, 0, 100.00, 0.00, 100.00, 0.00, 100.00, 0, 'COMPLETO', 'MODIFICACIONES DEL SISTEMA FASE 8-OBSERVACION 17', '2023-04-18', 2, '2023-04-20', 'CONCLUIDO', '2023-04-19', '2023-12-15', '2023-04-19', '2023-04-19 16:03:55', '2023-12-15 14:47:02'),
(77, 51, 1, 100.00, 2, 696.00, 1, 1, 696.00, 0.00, 100.00, 0.00, 100.00, 2, 'COMPLETO', 'DESARROLLAR UN SISTEMA DE ASISTENTE VIRTUAL PARA DETERMINAR Y ORIENTAR SOLUCIONES A FALLAS MECÁNICAS DE UN MOTOR, CON LARAVEL', '2023-04-20', 22, '2023-05-12', 'ENVIADO', NULL, NULL, '2023-04-20', '2023-04-21 01:52:31', '2023-09-25 16:26:49'),
(78, 21, 1, 50.00, 1, 50.00, 1, 0, 50.00, 0.00, 50.00, 0.00, 50.00, 0, 'COMPLETO', 'MODIFICACIONES AL SISTEMA. REGISTRO DE CLIENTE DIRECTAMENTE EN VENTA', '2023-04-25', 1, '2023-04-26', 'CONCLUIDO', NULL, NULL, '2023-04-25', '2023-04-25 19:20:43', '2023-09-25 16:26:49'),
(79, 23, 1, 200.00, 1, 200.00, 1, 0, 0.00, 200.00, 0.00, 200.00, 200.00, 0, 'PENDIENTE', 'NUEVAS MODIFICACIONES SOBRE EL SISTEMA OBS. 3', '2023-05-08', 10, '2023-05-18', 'ENVIADO', NULL, NULL, '2023-05-08', '2023-05-09 01:45:01', '2023-09-25 16:26:49'),
(80, 53, 1, 400.00, 1, 400.00, 1, 0, 400.00, 0.00, 400.00, 0.00, 400.00, 0, 'COMPLETO', 'MODIFICACIONES SOBRE EL SITEMA ACTUAL', '2023-05-08', 20, '2023-05-28', 'CONCLUIDO', NULL, '2023-09-25', '2023-05-08', '2023-05-09 01:53:16', '2023-09-25 22:05:55'),
(81, 54, 1, 100.00, 2, 696.00, 1, 1, 0.00, 696.00, 0.00, 100.00, 100.00, 2, 'PENDIENTE', 'DESARROLLO DE UN SISTEMA WEB REGISTRO DE SEGUIMIENTO DE HOJAS DE RUTA Y PORTAL CON LARAVEL', '2023-05-15', 22, '2023-06-06', 'ENVIADO', '2023-06-03', NULL, '2023-05-16', '2023-05-16 18:41:23', '2023-09-25 16:26:49'),
(82, 55, 1, 200.00, 2, 1392.00, 1, 1, 1392.00, 0.00, 200.00, 0.00, 200.00, 2, 'COMPLETO', 'DESARROLLO DE UN SISTEMA DE COMPUTARIZADO DE GESTIÓN DE MANTENIMIENTO E INVENTARIOS, CON LARAVEL', '2023-05-29', 44, '2023-07-12', 'CONCLUIDO', '2023-07-07', '2024-10-03', '2023-05-31', '2023-06-01 01:47:56', '2024-10-03 23:51:24'),
(83, 56, 1, 400.00, 1, 400.00, 1, 0, 400.00, 0.00, 400.00, 0.00, 400.00, 0, 'COMPLETO', 'MODIFICACIONES AL SISTEMA, REALIZADO EN LARAVEL. LOS CAMBIOS HACEN REFERENCIA A LAS OBSERVACIONES 02', '2023-06-29', 14, '2023-07-13', 'CONCLUIDO', '2023-07-13', '2023-07-27', '2023-06-29', '2023-06-29 21:35:08', '2023-09-25 16:26:49'),
(84, 57, 1, 250.00, 2, 1740.00, 1, 1, 1368.00, 372.00, 196.55, 53.45, 250.00, 2, 'PENDIENTE', 'DESARROLLO DE UN SISTEMA DE CONTROL DE INVENTARIO Y VENTAS CON LARAVEL', '2025-04-08', 22, '2025-04-30', 'EN PROCESO', NULL, NULL, '2023-06-29', '2023-06-30 00:11:28', '2025-05-08 00:23:00'),
(85, 58, 1, 250.00, 1, 250.00, 1, 0, 250.00, 0.00, 250.00, 0.00, 250.00, 0, 'COMPLETO', 'MODIFICACIONES SOBRE EL SISTEMA DE DIRECCIÓN DE GESTIÓN INTEGRAL DE RESIDUOS \"DGIR\", QUE ESTA REALIZADO EN LARAVEL VERSIÓN 7.24', '2023-07-11', 15, '2023-07-26', 'ENVIADO', '2023-07-13', NULL, '2023-07-13', '2023-07-13 18:18:17', '2023-09-25 16:26:49'),
(86, 59, 1, 600.00, 1, 600.00, 1, 0, 600.00, 0.00, 600.00, 0.00, 600.00, 0, 'COMPLETO', 'DESARROLLO DE UN SISTEMA INTELIGENTE CON REDES NEURONALES CONVOLUCIONALES PARA EL CONTROL EN TIEMPO REAL DEL EQUIPO DE PROTECCIÓN PERSONAL EN OBRAS DE CONSTRUCCIÓN, CON LARAVEL 8 PARA LA PARTE ADMINISTRATIVA Y PYTHON PARA LA DETECCIÓN DE EQUIPO VIA CAMARA', '2023-07-25', 20, '2023-08-14', 'CONCLUIDO', '2023-08-10', '2023-08-25', '2023-07-26', '2023-07-26 14:31:52', '2023-09-25 16:26:49'),
(87, 60, 6, 68.00, 1, 68.00, 1, 0, 68.00, 0.00, 68.00, 0.00, 68.00, 0, 'COMPLETO', 'AYUDA Y ACESORAMIENTO CON UN PROYECTO REALIZADO EN SPRING BOOT Y ANGULAR; CORRECCIÓN Y MODIFICACIÓN EN UN FORMULARIO DE REGISTRO', '2023-06-13', 1, '2023-06-14', 'CONCLUIDO', '2023-06-13', NULL, '2023-08-04', '2023-08-04 13:50:49', '2023-09-25 16:26:49'),
(88, 60, 6, 10.00, 1, 10.00, 1, 0, 10.00, 0.00, 10.00, 0.00, 10.00, 0, 'COMPLETO', 'ACESORAMIENTO PARA LA CORRECIÓN DE UNA CONSULTA EN UN SISTEMA REALIZADO EN PHP; MODIFICACIÓN Y CORRECCIÓN PARA LA OBTENCIÓN DE REGISTRO DE VENTAS CON FACTURA', '2023-08-02', 0, '2023-08-02', 'CONCLUIDO', '2023-08-02', NULL, '2023-08-04', '2023-08-04 13:52:13', '2023-09-25 16:26:49'),
(89, 61, 1, 300.00, 1, 300.00, 1, 0, 300.00, 0.00, 300.00, 0.00, 300.00, 0, 'COMPLETO', 'CORRECIÓN Y AGREGACIÓN DE MODULOS SOBRE EL SISTEMA; INICIO DE SESIÓN; NUEVO MODULO \"PENDIENTE\"', '2023-08-03', 4, '2023-08-07', 'CONCLUIDO', '2023-08-04', '2023-08-10', '2023-08-04', '2023-08-04 13:54:47', '2023-09-25 16:26:49'),
(90, 62, 1, 120.00, 2, 835.20, 1, 1, 835.20, 0.00, 120.00, 0.00, 120.00, 2, 'COMPLETO', 'PLATAFORMA DE VALORACIÓN DE STARTUPS PARA INVERSIONISTAS DESARROLLADO EN LARAVEL 8', '2023-08-23', 20, '2023-09-12', 'CONCLUIDO', NULL, '2023-09-25', '2023-08-24', '2023-08-24 15:44:12', '2023-12-21 00:53:11'),
(91, 60, 6, 25.00, 1, 25.00, 1, 0, 25.00, 0.00, 25.00, 0.00, 25.00, 0, 'COMPLETO', 'AYUDA CON CONSULTA SQL EN POSTGRESS', '2023-08-09', 0, '2023-08-09', 'CONCLUIDO', NULL, '2023-09-07', '2023-08-24', '2023-08-24 15:46:37', '2023-09-25 16:26:49'),
(92, 60, 6, 20.00, 1, 20.00, 1, 0, 20.00, 0.00, 20.00, 0.00, 20.00, 0, 'COMPLETO', 'AYUDA CON CONSULTAS SQL POSTGRESS', '2023-08-16', 0, '2023-08-16', 'CONCLUIDO', NULL, '2023-09-07', '2023-08-24', '2023-08-24 15:48:54', '2023-09-25 16:26:49'),
(93, 60, 6, 20.00, 1, 20.00, 1, 0, 20.00, 0.00, 20.00, 0.00, 20.00, 0, 'COMPLETO', 'AYUDA CON CONSULTAS SQL EN POSTGRESS', '2023-08-23', 0, '2023-08-23', 'CONCLUIDO', NULL, '2023-09-07', '2023-08-24', '2023-08-24 15:49:23', '2023-09-25 16:26:49'),
(94, 60, 6, 20.00, 1, 20.00, 1, 0, 20.00, 0.00, 2.87, 17.13, 20.00, 0, 'COMPLETO', 'AYUDA CON CONSULTAS SQL', '2023-08-30', 0, '2023-08-30', 'CONCLUIDO', '2023-08-30', NULL, '2023-09-07', '2023-09-08 03:41:04', '2023-09-25 17:03:44'),
(95, 60, 6, 20.00, 1, 20.00, 1, 0, 20.00, 0.00, 20.00, 0.00, 20.00, 0, 'COMPLETO', 'AYUDA CON REPORTE PDF', '2023-09-01', 0, '2023-09-01', 'CONCLUIDO', '2023-09-01', NULL, '2023-09-20', '2023-09-20 15:42:15', '2023-10-08 14:18:16'),
(96, 60, 6, 10.00, 1, 10.00, 1, 0, 10.00, 0.00, 10.00, 0.00, 10.00, 0, 'COMPLETO', 'CONSULTA SOBRE LISTADO DE STOCK DE PRODUCTOS ACTIVOS E INACTIVOS', '2023-09-07', 0, '2023-09-07', 'CONCLUIDO', '2023-09-07', '2023-09-07', '2023-09-20', '2023-09-20 15:43:09', '2023-10-08 14:18:10'),
(97, 60, 6, 25.00, 1, 25.00, 1, 0, 25.00, 0.00, 25.00, 0.00, 25.00, 0, 'COMPLETO', 'LISTADO DE STOCK CON FILTRO (SOLO HABILITADOS), AGREGANDO CONDICIÓN EN LA BASE DE DATOS', '2023-09-07', 0, '2023-09-07', 'CONCLUIDO', '2023-09-07', '2023-09-07', '2023-09-20', '2023-09-20 15:44:17', '2023-10-08 14:18:01'),
(98, 63, 1, 160.00, 2, 1115.20, 1, 2, 900.00, 215.20, 129.12, 30.88, 160.00, 2, 'PENDIENTE', 'PORTAL INFORMATIVO DE PEDIDOS DE PRODUCTOS EN LÍNEA Y ADMINISTACIÓN DE PROCESOS DE DISTRIBUCIÓN DE PRODUCTOS CON INVENTARIO, DESARROLLADO EN LARAVEL', '2023-09-18', 30, '2023-10-18', 'EN PROCESO', NULL, NULL, '2023-09-25', '2023-09-25 21:35:32', '2024-08-02 16:54:06'),
(99, 64, 1, 200.00, 1, 200.00, 1, 0, 200.00, 0.00, 200.00, 0.00, 200.00, 0, 'COMPLETO', 'SISTEMA DE DETECCIÓN DE SUELOS EN PHP Y JAVASCRIPT. USANDO FIREBASE COMO STORAGE DE IMAGENES, \"SW_FINAL\"', '2023-09-22', 0, '2023-09-22', 'CONCLUIDO', '2023-09-22', '2023-09-22', '2023-09-25', '2023-09-25 21:39:06', '2023-09-25 21:51:36'),
(100, 33, 3, 100.00, 1, 100.00, 1, 0, 100.00, 0.00, 100.00, 0.00, 100.00, 0, 'COMPLETO', 'MODIFCACIÓN DEL SERVIDOR DEBIAN, MENDIANTE SSH, PARA EL FUNCIONAMIENTO DE CAPTCHA (ADICIONALMENTE SE CONFIGURO LOS BACKUPS DE LA BD DEL SISTEMA)', '2023-09-22', 0, '2023-09-22', 'CONCLUIDO', '2023-09-22', '2023-09-22', '2023-09-25', '2023-09-25 21:53:27', '2023-09-25 21:54:14'),
(101, 19, 1, 400.00, 1, 400.00, 1, 0, 0.00, 400.00, 0.00, 400.00, 400.00, 0, 'PENDIENTE', 'NUEVO SISTEMA EN BASE A COAX, LLAMADO \"POCOMAS\", CON MODIFICACIONES EN VENTAS, MERMAS E INGRESOS DE PRODUCTOS', '2023-09-22', 3, '2023-09-25', 'ENVIADO', '2023-09-25', NULL, '2023-09-25', '2023-09-25 21:55:56', '2023-09-25 21:55:56'),
(102, 42, 1, 50.00, 1, 50.00, 1, 0, 50.00, 0.00, 50.00, 0.00, 50.00, 0, 'COMPLETO', 'MODIFICACIONES SOBRE EL SISTEMA: AGREGACIÓN FILTRO LISTADO DE MAQUINAS,CARGAR ARCHIVO MENORES DE EDAD OBLIGATORIO, MANTENIMIENTO DE MAQUINAS MOSTRADO POR CALENDARIO', '2023-08-09', 1, '2023-08-10', 'CONCLUIDO', '2023-08-09', '2023-08-24', '2023-09-25', '2023-09-25 22:00:23', '2023-09-25 22:06:02'),
(103, 60, 6, 20.00, 1, 20.00, 1, 0, 20.00, 0.00, 20.00, 0.00, 20.00, 0, 'COMPLETO', 'AYUDA CON REGISTRO DE ACTIVOS + VERIFICACIÓN DE REGISTRO EN TABLA OP_BITACORA', '2023-09-25', 0, '2023-09-25', 'CONCLUIDO', '2023-09-25', '2023-09-25', '2023-09-26', '2023-09-26 20:35:34', '2023-10-08 14:17:53'),
(104, 60, 6, 20.00, 1, 20.00, 1, 0, 20.00, 0.00, 20.00, 0.00, 20.00, 0, 'COMPLETO', '2DA REUNIÓN PARA LA REVISIÓN DE REGISTRO DE ACTIVOS + BITACORA. ERROR AL REGISTRAR BITACORA, MODIFICACIÓN EN LA INSERCIÓN DE REGISTRO OP_BITACORA', '2023-09-25', 0, '2023-09-25', 'CONCLUIDO', '2023-09-25', '2023-09-26', '2023-09-26', '2023-09-26 20:36:26', '2023-10-08 14:17:44'),
(105, 60, 6, 20.00, 1, 20.00, 1, 0, 20.00, 0.00, 20.00, 0.00, 20.00, 0, 'COMPLETO', 'FINALIZACIÓN DE REGISTRO OP_ACTIVOS + OP_BITACORA + LISTADO DE ACTIVOS (MOSTRANDO FECHA-HORA Y ENNUMERACIÓN DE REGISTROS). DE DOS REUNIONES 8AM Y 10AM', '2023-09-26', 0, '2023-09-26', 'CONCLUIDO', '2023-09-26', '2023-09-26', '2023-09-26', '2023-09-26 20:37:46', '2023-10-08 14:17:37'),
(106, 65, 3, 200.00, 2, 1400.00, 1, 5, 1400.00, 0.00, 200.00, 0.00, 200.00, 2, 'COMPLETO', 'DESARROLLO DE UN SISTEMA PLATAFORMA DE INSTITUTO ADMINISTRABLE, USANDO LARAVEL', '2023-10-02', 23, '2023-10-25', 'CONCLUIDO', '2023-11-08', '2023-12-04', '2023-10-06', '2023-10-06 13:27:30', '2025-03-13 12:41:39'),
(107, 53, 1, 100.00, 1, 100.00, 1, 0, 100.00, 0.00, 100.00, 0.00, 100.00, 0, 'COMPLETO', 'OBSERVACIONES 08, MODIFICACIONES ADICIONALES AL SISTEMA WEBCENTROEM', '2023-10-06', 1, '2023-10-07', 'CONCLUIDO', '2023-10-06', '2023-10-18', '2023-10-06', '2023-10-06 13:29:17', '2023-10-18 18:48:57'),
(108, 66, 6, 50.00, 1, 50.00, 1, 0, 50.00, 0.00, 50.00, 0.00, 50.00, 0, 'COMPLETO', 'CORRECIONES Y MODIFICACIONES SOBRE EL SISTEMA: FIX LISTADO DE TAREAS, BOTON DE ETIQUETAS EN EL FORMULARIO DE TAREAS, CAMBIO DE ESTADOS COMPLETO/PENDIENTE, ELIMINACIÓN Y ACTUALIZAIÓN DE TAREAS', '2023-10-08', 0, '2023-10-08', 'CONCLUIDO', '2023-10-27', '2023-10-27', '2023-10-08', '2023-10-08 14:16:15', '2023-10-27 15:35:56'),
(109, 10, 1, 50.00, 1, 50.00, 1, 0, 50.00, 0.00, 50.00, 0.00, 50.00, 0, 'COMPLETO', 'MODIFICACIÓN FILTRO DE LISTA DE MORAS EN RANGOS', '2023-10-12', 0, '2023-10-12', 'CONCLUIDO', '2023-10-31', '2023-10-31', '2023-10-12', '2023-10-13 02:46:17', '2023-10-31 22:01:06'),
(110, 10, 1, 50.00, 1, 50.00, 1, 0, 50.00, 0.00, 50.00, 0.00, 50.00, 0, 'COMPLETO', 'AGREGAR NUEVA SUCURSAL:SC LOS POZOS\nDIRECCIÓN: 1ER ANILLO ZONA LOS POZOS CALLE CHARCAS ENTRE AROMA Y QUIJARRO # 370\nCÓDIGO: PZ\nCAJA:\nCAJA 1: 161\nCAJA 2: 162', '2023-10-25', 1, '2023-10-26', 'CONCLUIDO', '2023-10-26', '2023-10-31', '2023-10-26', '2023-10-27 01:20:40', '2023-10-31 22:00:56'),
(111, 67, 1, 400.00, 1, 400.00, 1, 0, 400.00, 0.00, 400.00, 0.00, 400.00, 0, 'COMPLETO', 'DESARROLLARO UN SISTEMA ACADÉMICO CON NOTIFICACIONES Y DIGITALIZACIÓN DE DESEMPEÑO ACADÉMICO, EN BASE AL SISTEMA \"UEACADEMICO\" EN LARAVEL', '2023-10-26', 20, '2023-11-15', 'CONCLUIDO', NULL, '2023-11-10', '2023-10-26', '2023-10-27 01:24:44', '2023-11-10 18:56:42'),
(112, 33, 3, 50.00, 1, 50.00, 1, 0, 50.00, 0.00, 50.00, 0.00, 50.00, 0, 'COMPLETO', 'MODIFICACIONES EN EL SISTEMA: OPCIÓN PARA REEMPLAZAR CONTRASEÑAS EN USUARIOS Y AGREGAR CAMPO \"SEDE\" EN PROGRAMAS ACADEMICOS', '2023-10-27', 2, '2023-10-29', 'CONCLUIDO', NULL, '2023-11-10', '2023-10-27', '2023-10-27 15:34:18', '2023-11-10 18:56:39'),
(113, 95, 1, 100.00, 1, 100.00, 1, 0, 100.00, 0.00, 100.00, 0.00, 100.00, 0, 'COMPLETO', 'MODIFICACIONES SOBRE EL SISTEMA \"ALQUILER_VEHICULOS\".<br />\nAGREGANDO MODULO DE USUARIOS, MODIFICACIONES SEGUN ROLES, VALIDACION DE EMAIL', '2023-10-27', 3, '2023-10-30', 'CONCLUIDO', '2023-10-28', '2023-10-31', '2023-10-31', '2023-10-31 22:00:04', '2024-05-22 20:28:12'),
(114, 64, 6, 60.00, 1, 60.00, 1, 0, 60.00, 0.00, 60.00, 0.00, 60.00, 0, 'COMPLETO', 'LEVANTAR SISTEMA, DESARROLLADO CON LARAVEL 8.0 (PHP 7,3) + VUE', '2023-11-07', 0, '2023-11-07', 'CONCLUIDO', '2023-11-08', '2023-11-10', '2023-11-07', '2023-11-07 19:01:24', '2023-11-10 18:54:59'),
(115, 69, 1, 500.00, 1, 500.00, 1, 0, 500.00, 0.00, 500.00, 0.00, 500.00, 0, 'COMPLETO', 'SISTEMA DE GUÍA PARA PLAN DE CONTINGENCIAS, DESARROLLADO CON LARAVEL', '2023-11-03', 20, '2023-11-23', 'CONCLUIDO', '2023-11-17', '2024-01-10', '2023-11-08', '2023-11-08 15:49:11', '2024-01-10 15:31:06'),
(116, 70, 1, 100.00, 2, 696.00, 1, 1, 696.00, 0.00, 100.01, -0.01, 100.00, 2, 'COMPLETO', 'APLICACIÓN WEB PARA LA GESTION DOCUMENTAL Y DIGITALIZACIÓN DE ARCHIVOS, DESARROLLADO CON LARAVEL', '2023-11-03', 20, '2023-11-23', 'CONCLUIDO', '2023-11-16', '2024-02-29', '2023-11-08', '2023-11-08 15:49:53', '2024-02-29 16:43:23'),
(117, 10, 1, 200.00, 1, 200.00, 1, 0, 200.00, 0.00, 200.00, 0.00, 200.00, 0, 'COMPLETO', 'AGREGACIÓN DE MODULO \"PLAZO DE PAGOS\" EN EL SISTEMA PRENDASOL', '2023-11-10', 3, '2023-11-13', 'CONCLUIDO', '2023-11-11', '2023-12-15', '2023-11-11', '2023-11-11 23:27:58', '2023-12-15 14:44:22'),
(118, 71, 6, 850.00, 1, 850.00, 1, 0, 850.00, 0.00, 850.00, 0.00, 850.00, 0, 'COMPLETO', 'SISTEMA DE ADMINISTRACIÓN DE MICROCREDITOS DESARROLLADO CON LARAVEL', '2023-11-14', 30, '2023-12-14', 'CONCLUIDO', '2023-12-15', '2023-12-15', '2023-11-14', '2023-11-14 20:27:28', '2023-12-15 14:44:13'),
(119, 41, 1, 100.00, 1, 100.00, 1, 0, 100.00, 0.00, 100.00, 0.00, 100.00, 0, 'COMPLETO', 'MODIFICACIONES SOBRE EL SISTEMA BANCOMUNICAD. \nOBSERVACION 06: AÑADIR ELIMINACION LOGICA POR ESTADOS A LOS MODULOS DEL SISMTEA', '2023-11-15', 1, '2023-11-16', 'CONCLUIDO', NULL, '2023-11-22', '2023-11-15', '2023-11-15 16:17:55', '2023-11-22 22:42:11'),
(120, 53, 1, 200.00, 1, 200.00, 1, 0, 200.00, 0.00, 200.00, 0.00, 200.00, 0, 'COMPLETO', 'AGREGACIÓN DE MODULO BACKUP DE LA BASE DE DATOS Y ENVIO DE RECORDATORIOS MAS CONFIRMACION DE CITAS POR BOT TELEGRAM, Y AGREGACIÓN DE UNA OPCIÓN PARA CANCELAR CITAS DESDE LOS USUARIOS DOCTOR Y SECRETARIA', '2023-11-22', 1, '2023-11-23', 'CONCLUIDO', '2023-11-22', '2023-12-12', '2023-11-22', '2023-11-22 22:40:50', '2023-12-12 22:08:24'),
(121, 60, 6, 45.00, 1, 45.00, 1, 0, 45.00, 0.00, 45.00, 0.00, 45.00, 0, 'COMPLETO', 'REVISIÓN Y AYUDA CON APLICACIÓN EN ANGULAR PARA CONECTARSE CON LA API DE CHATGPT + MOSTRAR RESPUESTA DE CHATGPT EN UN COMPONENTE DE ANGULAR', '2023-12-01', 0, '2023-12-01', 'CONCLUIDO', '2023-12-01', '2023-12-05', '2023-12-01', '2023-12-01 21:36:25', '2023-12-05 21:57:25'),
(122, 72, 1, 400.00, 1, 400.00, 1, 0, 400.00, 0.00, 400.00, 0.00, 400.00, 0, 'COMPLETO', 'DESARROLLAR UNA APLICACIÓN WEB QUE RECIBA Y ALMACENE LA INFORMACIÓN DE DISPOSITIVOS ARDUINO DESDE PYTHON', '2023-12-04', 30, '2024-01-03', 'ENVIADO', '2023-12-13', NULL, '2023-12-04', '2023-12-05 01:47:38', '2023-12-21 00:50:14'),
(123, 53, 1, 300.00, 1, 300.00, 1, 0, 300.00, 0.00, 300.00, 0.00, 300.00, 0, 'COMPLETO', 'AGREGACIÓN DE MODULO CALENDARIO DOCTORES(RANGO DE FECHAS QUE NO SE ATENDERAN), MODULO CONCEPTOS, AGREGAR PRIORIDAD DE CITAS PORTAL Y PANEL ADMINISTRATIVO', '2023-12-05', 5, '2023-12-10', 'CONCLUIDO', '2023-12-06', '2023-12-15', '2023-12-05', '2023-12-05 20:51:20', '2023-12-15 14:44:58'),
(124, 64, 6, 287.50, 1, 287.50, 1, 0, 287.50, 0.00, 287.50, 0.00, 287.50, 0, 'COMPLETO', 'APLICACIÓN CHATGPT, EN ANGULAR Y SPRING BOOT. FRONTEND VISTA REGISTRO DE GRADO Y MATERIAS; GENERACIÓN VIA CHATGPT LA MATERIA CON MENOR NOTA; MOSTRAR MENSAJE DE RESPUESTA INDICANDO EN QUE MATERIA ESTA MAL (CASO CONTRARIO SOLO DECIR SI GUSTA MEJORAR SUS NOTAS). GENERAR Y GUARDAR ITINERARIOS; Y MOSTRAR HISTORIAL DE ITINERARIOS', '2023-12-06', 7, '2023-12-13', 'CONCLUIDO', '2023-12-15', '2023-12-15', '2023-12-05', '2023-12-05 21:26:25', '2023-12-15 14:45:09'),
(125, 10, 1, 50.00, 1, 50.00, 1, 0, 50.00, 0.00, 50.00, 0.00, 50.00, 0, 'COMPLETO', 'AGREGACIÓN DE SUCURSAL AV. BUENOS AIRES', '2023-12-06', 1, '2023-12-07', 'CONCLUIDO', '2023-12-07', '2023-12-09', '2023-12-07', '2023-12-08 02:42:27', '2023-12-09 12:11:17'),
(126, 73, 1, 100.00, 2, 696.00, 1, 1, 696.00, 0.00, 100.00, 0.00, 100.00, 2, 'COMPLETO', 'DESARROLLO DE UN  SISTEMA DE CONTROL DE COMBUSTIBLE, CON LARAVEL', '2023-12-08', 20, '2023-12-28', 'CONCLUIDO', NULL, '2024-01-10', '2023-12-09', '2023-12-09 12:08:36', '2024-01-10 15:31:18'),
(127, 74, 6, 30.00, 1, 30.00, 1, 0, 30.00, 0.00, 30.00, 0.00, 30.00, 0, 'COMPLETO', 'SUBIDA DE SISTEMA \"SISMICROCREDITOS\" A SERVIDOR UBUNTU', '2023-12-14', 1, '2023-12-15', 'EN PROCESO', '2023-12-15', '2023-12-18', '2023-12-15', '2023-12-15 14:52:19', '2023-12-15 14:52:29'),
(128, 75, 1, 500.00, 1, 500.00, 1, 0, 500.00, 0.00, 500.00, 0.00, 500.00, 0, 'COMPLETO', 'ERS INTELIGENCIA DE NEGOCIOS ANÁLISIS DE DATOS DE LAS PLATAFORMAS DE FACEBOOK E INSTAGRAM CON EL PROGRAMA POWER BI', '2023-12-20', 20, '2024-01-09', 'CONCLUIDO', NULL, '2024-01-10', '2023-12-21', '2023-12-21 18:28:36', '2024-01-10 15:30:54'),
(129, 10, 1, 50.00, 1, 50.00, 1, 0, 50.00, 0.00, 50.00, 0.00, 50.00, 0, 'COMPLETO', 'NOMBRE DE SUCURSAL: ZONA SATELITE<br />\nDIRECCIÓN: Z. SATÉLITE AV. BALLIVIÁN OTERO ESQ. C. 17 - AC.  SATÉLITE N° 514<br />\nCÓDIGO: ST1<br />\nCAJA:<br />\nCAJA 1: 181<br />\nCAJA 2: 182', '2024-01-03', 1, '2024-01-04', 'CONCLUIDO', '2024-01-03', '2024-01-05', '2024-01-08', '2024-01-08 23:13:58', '2024-01-08 23:45:26'),
(130, 14, 1, 100.00, 1, 100.00, 1, 0, 100.00, 0.00, 100.00, 0.00, 100.00, 0, 'COMPLETO', 'MODIFICACIONES SOBRE EL SISTEMA:<br />\n1) CORRECCIÓN AL MOSTRAR LOS GRAFICOS USUARIO AUXILIAR<br />\n2) AGREGACIÓN DE FUNCIONALIDAD, FILTRO PREDICCIÓN PARA CADA REPORTE GRAFICO QUE TENGA FECHAS', '2024-01-07', 1, '2024-01-08', 'ENVIADO', '2024-01-07', NULL, '2024-01-08', '2024-01-08 23:35:41', '2024-01-30 17:48:09'),
(131, 76, 1, 300.00, 1, 300.00, 1, 0, 300.00, 0.00, 300.00, 0.00, 300.00, 0, 'COMPLETO', 'SISTEMA DE PRODUCCIÓN, INVENTARIO Y VENTAS, BASADO EN EL SISTEMA \"SISTEMABI\"', '2024-01-08', 2, '2024-01-10', 'CONCLUIDO', '2024-02-29', '2024-02-29', '2024-01-08', '2024-01-08 23:42:18', '2024-02-29 16:43:13'),
(132, 67, 1, 50.00, 1, 50.00, 1, 0, 50.00, 0.00, 50.00, 0.00, 50.00, 0, 'COMPLETO', 'RELACION DE BASE DE DATOS.<br />\nAGREGACIÓN DE MODULO DE ENVIO DE CORREOS DESDE USUARIOS ADMINISTRADOR Y PROFESOR', '2024-01-18', 5, '2024-01-23', 'ENVIADO', '2024-01-23', NULL, '2024-01-23', '2024-01-23 22:47:00', '2024-01-30 17:47:35'),
(133, 77, 1, 100.00, 2, 696.00, 1, 1, 696.00, 0.00, 100.00, 0.00, 100.00, 2, 'COMPLETO', 'SISTEMA PARA EL CONTROL, SEGUIMIENTO Y MANTENIMIENTO DE EQUIPOS <br />\nBIOMÉTRICOS HOSPITALARIOS, CON LARAVEL 10 Y PHP 8.1', '2024-01-26', 20, '2024-02-15', 'CONCLUIDO', NULL, '2024-02-29', '2024-01-30', '2024-01-30 17:51:02', '2024-02-29 16:43:30'),
(134, 71, 6, 60.00, 1, 60.00, 1, 0, 60.00, 0.00, 60.00, 0.00, 60.00, 0, 'COMPLETO', 'ALOJAMIENTO SISTEMA \"SISMICROCREDITOS\" EN DIGITAL OCEAN', '2024-01-29', 45, '2024-03-14', 'ENVIADO', '2024-10-29', NULL, '2024-01-30', '2024-01-30 17:54:20', '2024-01-30 17:58:26'),
(135, 78, 7, 50.00, 1, 50.00, 1, 0, 50.00, 0.00, 50.00, 0.00, 50.00, 0, 'COMPLETO', 'SUBIDA DE PÁGINA RADIO COMUNIDAD A HOSTING PROPORCIONADO POR EL CLIENTE', '2024-01-27', 0, '2024-01-27', 'CONCLUIDO', '2024-01-27', '2024-01-30', '2024-01-30', '2024-01-30 17:57:01', '2024-01-30 17:59:52'),
(136, 78, 7, 40.00, 1, 40.00, 1, 0, 40.00, 0.00, 40.00, 0.00, 40.00, 0, 'COMPLETO', 'REVISIÓN Y RECUPERACION DE BACKUP RADIO COMUNIDAD.<br />\nMODIFCACION Y CORRECIÓN DE LA BASE DE DATOS PRESENTANDO PROBLEMAS EN EL BACKUP', '2024-01-27', 0, '2024-01-27', 'CONCLUIDO', '2024-01-27', '2024-01-30', '2024-01-30', '2024-01-30 17:58:06', '2024-01-30 17:59:32'),
(137, 79, 1, 300.00, 1, 300.00, 1, 0, 300.00, 0.00, 300.00, 0.00, 300.00, 0, 'COMPLETO', 'PROCESAMIENTO DE IMÁGENES CON REDES NEURONALES CONVOLUCIONALES', '2024-01-31', 15, '2024-02-15', 'CONCLUIDO', NULL, '2024-02-29', '2024-02-06', '2024-02-06 22:26:21', '2024-02-29 16:43:38'),
(138, 72, 1, 100.00, 1, 100.00, 1, 0, 100.00, 0.00, 100.00, 0.00, 100.00, 0, 'COMPLETO', 'MODULO PISOS Y RELACION PISOS Y ESPACIOS', '2024-02-05', 1, '2024-02-06', 'ENVIADO', '2024-02-06', NULL, '2024-02-26', '2024-02-26 18:52:21', '2024-02-26 19:01:33'),
(139, 10, 1, 50.00, 1, 50.00, 1, 0, 50.00, 0.00, 50.00, 0.00, 50.00, 0, 'COMPLETO', 'NUEVA SUCURSAL:<br />\nNOMBRE DE SUCURSAL: 04 DE NOVIEMBRE <br />\nDIRECCIÓN: Z. MERCADO 04 DE NOVIEMBRE AV. NOEL KEMPFF MERCADO ESQ. C. PAURITO S/N<br />\nCÓDIGO: 4NV<br />\nCAJA:<br />\nCAJA 1: 191<br />\nCAJA 2: 192', '2024-02-09', 0, '2024-02-09', 'ENVIADO', '2024-02-09', NULL, '2024-02-26', '2024-02-26 18:53:37', '2024-02-26 19:01:55'),
(140, 80, 1, 600.00, 1, 600.00, 1, 0, 600.00, 0.00, 600.00, 0.00, 600.00, 0, 'COMPLETO', 'DESARROLLO DE APLICACIÓN CON PYTHON PARA ANALISIS DE DATOS CON DATA SCIENCE SOBRE VIOLENCIA', '2024-02-10', 22, '2024-03-03', 'EN PROCESO', '2024-02-22', NULL, '2024-02-26', '2024-02-26 18:56:46', '2025-01-08 00:26:44'),
(141, 34, 1, 100.00, 1, 100.00, 1, 0, 100.00, 0.00, 100.00, 0.00, 100.00, 0, 'COMPLETO', 'AGREGACION DE PREGUNTAS AUTOMATICAS SEGUN OBS. 01.<br />\nCAMBIO DE COLOR CHAT', '2024-02-19', 0, '2024-02-19', 'ENVIADO', '2024-02-19', NULL, '2024-02-26', '2024-02-26 18:58:52', '2024-09-02 17:41:01'),
(142, 78, 7, 70.00, 1, 70.00, 1, 0, 70.00, 0.00, 70.00, 0.00, 70.00, 0, 'COMPLETO', '- INSTALACION DE RADIO ONLINE PAGINA TVRADIOCOMUNIDAD.COM<br />\n- BUSQUEDA Y REALIZACION DE VIDEO DE COMO AÑADIR VIDEO STREAMING EN LA PÁGINA', '2024-02-03', 5, '2024-02-08', 'CONCLUIDO', '2024-02-05', '2024-02-24', '2024-02-26', '2024-02-26 19:05:30', '2024-02-26 19:06:50'),
(143, 78, 7, 120.00, 1, 120.00, 1, 0, 120.00, 0.00, 120.00, 0.00, 120.00, 0, 'COMPLETO', 'MODIFICACION RADIO ONLINE<br />\nAGREGACIÓN DE VIDEO STREAMING E INSTALACIÓN', '2024-02-24', 4, '2024-02-28', 'EN PROCESO', NULL, NULL, '2024-02-26', '2024-02-26 19:06:32', '2024-05-16 17:18:39'),
(144, 81, 1, 100.00, 2, 696.00, 1, 1, 696.00, 0.00, 99.94, 0.06, 100.00, 2, 'COMPLETO', 'SISTEMA DE INFORMACIÓN PARA EL SEGUIMIENTO Y CONTROL DEL AVANCE DE <br />\nOBRAS DE CONSTRUCCIÓN EMPLEANDO GEOLOCALIZACIÓN Y AGENTES INTELIGENTES', '2024-02-29', 30, '2024-03-30', 'EN PROCESO', NULL, NULL, '2024-03-25', '2024-03-25 23:08:21', '2024-05-30 14:07:08'),
(145, 82, 1, 100.00, 2, 696.00, 1, 1, 696.00, 0.00, 100.00, 0.00, 100.00, 2, 'COMPLETO', 'SISTEMA WEB DE INFORMACIÓN PREDICTIVA UTILIZANDO EL MODELO DE LAS <br />\nMÁQUINAS DE SOPORTE VECTORIAL EN LA DIVISIÓN PROFESIONAL DEL FUTBOL BOLIVIANO', '2024-03-12', 22, '2024-04-03', 'CONCLUIDO', NULL, '2024-10-03', '2024-03-25', '2024-03-25 23:10:45', '2024-10-03 23:50:20'),
(146, 83, 1, 100.00, 2, 696.00, 1, 1, 696.00, 0.00, 99.90, 0.10, 100.00, 2, 'COMPLETO', 'SISTEMA PARA EL APOYO AL MÉDICO EN LA DETECCIÓN TEMPRANA DE CANCER DE <br />\nMAMA IMPLEMENTANDO UNA RED NEURONAL CONVOLUCIONAL', '2024-03-13', 22, '2024-04-04', 'EN PROCESO', NULL, NULL, '2024-03-25', '2024-03-25 23:12:07', '2024-05-30 14:13:57'),
(147, 84, 1, 400.00, 1, 400.00, 1, 0, 400.00, 0.00, 400.00, 0.00, 400.00, 0, 'COMPLETO', 'CORRECCIONES Y AGREGACION DE MODULOS/CODIGO SEGUN OBSERVACION 01', '2024-03-18', 20, '2024-04-07', 'ENVIADO', '2024-03-21', NULL, '2024-03-25', '2024-03-25 23:15:17', '2024-04-01 21:44:45'),
(148, 17, 1, 200.00, 1, 200.00, 1, 0, 200.00, 0.00, 200.00, 0.00, 200.00, 0, 'COMPLETO', 'MODIFICACIONES SISTEMA WEBSAF, CAMBIO DE NOMBRE A UENACIONESUNIDAS<br />\nAGREGACION Y ELIMINACION DE MODULOS SEGUN OBSERVACIONES01 (22-03-2024)', '2024-03-22', 3, '2024-03-25', 'ENVIADO', '2024-03-25', NULL, '2024-03-25', '2024-03-25 23:16:58', '2024-04-01 21:46:54'),
(149, 85, 1, 160.00, 2, 1113.60, 1, 1, 1113.60, 0.00, 160.00, 0.00, 160.00, 2, 'COMPLETO', 'SISTEMA DE COMERCIO ELECTRÓNICO ETHERION.', '2024-03-20', 22, '2024-04-11', 'EN PROCESO', NULL, NULL, '2024-03-25', '2024-03-25 23:18:55', '2025-03-12 20:29:37'),
(150, 71, 6, 400.00, 1, 400.00, 1, 0, 400.00, 0.00, 400.00, 0.00, 400.00, 0, 'COMPLETO', 'AGREGACIÓN DE FUNCIONALIDADES:<br />\n- NOTIFICACIONES (CONTROL DE PAGOS, MORAS, DESEMBOLSOS)<br />\n- REPORTES GRAFICOS POR GESTIÓN, PAGOS Y PRESTAMOS<br />\n- REPROGRAMACIÓN DE DESEMBOLSOS<br />\n- LIQUIDACIÓN DE DEUDAS TOTAL<br />\n- REPORTE DE PAGOS<br />\n- HISTORIAL CREDITICIO', '2024-03-28', 16, '2024-04-13', 'CONCLUIDO', '2024-04-13', '2024-04-19', '2024-04-01', '2024-04-01 21:49:01', '2024-08-07 18:11:15'),
(151, 10, 1, 50.00, 1, 50.00, 1, 0, 50.00, 0.00, 50.00, 0.00, 50.00, 0, 'COMPLETO', 'NOMBRE DE SUCURSAL: OBRAJES<br />\r\nDIRECCIÓN: OBRAJES ENTRE LA CALLE 16 Y 17 CASA 6236 AV. HERNANDO SILES LOCAL N 2<BR /><BR /><br />\r\nCÓDIGO: OB1<br />\r\nCAJA:<br />\r\nCAJA 1: 201<br />\r\nCAJA 2: 202', '2024-04-01', 1, '2024-04-02', 'ENVIADO', '2024-04-01', NULL, '2024-04-01', '2024-04-01 21:49:27', '2025-05-07 21:54:23'),
(152, 10, 1, 50.00, 1, 50.00, 1, 0, 50.00, 0.00, 50.00, 0.00, 50.00, 0, 'COMPLETO', 'NOMBRE DE SUCURSAL: VILLA ADELA<br />\nDIRECCIÓN: ENTRE AVENIDA BOLIVIA Y AVENIDA JUNÍN PUERTA NRO. 8<br />\nCÓDIGO: VA1<br />\nCAJA:<br />\nCAJA 1: 211<br />\nCAJA 2: 212', '2024-04-09', 1, '2024-04-10', 'CONCLUIDO', '2024-04-09', '2024-04-10', '2024-05-01', '2024-05-01 20:53:20', '2024-05-01 21:15:02'),
(153, 10, 1, 50.00, 1, 50.00, 1, 0, 50.00, 0.00, 50.00, 0.00, 50.00, 0, 'COMPLETO', 'NOMBRE DE SUCURSAL: VILLA DOLORES<br />\nDIRECCIÓN: AV. ANTOFAGASTA ESQ. CALLE 4, CASI PLAZA JUANA AZURDUY NRO. 50<br />\nCÓDIGO: VD1<br />\nCAJA:<br />\nCAJA 1: 221<br />\nCAJA 2: 222', '2024-04-23', 1, '2024-04-24', 'CONCLUIDO', '2024-04-23', '2024-04-24', '2024-05-01', '2024-05-01 20:54:36', '2024-05-01 21:15:16'),
(154, 86, 1, 500.00, 1, 500.00, 1, 0, 500.00, 0.00, 500.00, 0.00, 500.00, 0, 'COMPLETO', 'SISTEMA LARAVEL BASADO EN EL SISTEMA \"SISTEMABI\"', '2024-04-24', 5, '2024-04-29', 'ENVIADO', '2024-04-29', NULL, '2024-05-01', '2024-05-01 20:57:42', '2024-05-01 21:18:27'),
(155, 87, 1, 500.00, 1, 500.00, 1, 0, 500.00, 0.00, 500.00, 0.00, 500.00, 0, 'COMPLETO', 'SISTEMA LARAVEL BASADO EN EL SISTEMA \"IVORFID\"', '2024-04-29', 20, '2024-05-19', 'EN PROCESO', NULL, NULL, '2024-05-01', '2024-05-01 21:00:08', '2024-05-31 18:31:46'),
(157, 88, 1, 100.00, 2, 696.00, 1, 1, 696.00, 0.00, 100.00, 0.00, 100.00, 2, 'COMPLETO', 'DESARROLLO DE APLICACIÓN \"ERS SISTEMA DE INFORMACIÓN WEB PARA LA GESTIÓN Y SEGUIMIENTO DE AUDITORIAS FINANCIERAS INTERNAS\", USANDO LARAVEL 10', '2024-04-02', 20, '2024-04-22', 'ENVIADO', '2024-04-19', NULL, '2024-05-01', '2024-05-01 21:09:17', '2025-03-12 20:30:54'),
(158, 89, 8, 180.00, 1, 180.00, 1, 0, 180.00, 0.00, 180.00, 0.00, 180.00, 0, 'COMPLETO', 'DESARROLLO DE LOGIN USANDO SPRING BOOT Y ANGULAR CON JWT', '2024-05-01', 7, '2024-05-08', 'EN PROCESO', NULL, NULL, '2024-05-01', '2024-05-01 21:24:13', '2024-05-16 17:13:58'),
(159, 69, 1, 100.00, 1, 100.00, 1, 0, 100.00, 0.00, 100.00, 0.00, 100.00, 0, 'COMPLETO', 'MODIFICACIONES SISTEMA OBS. 01', '2024-04-30', 3, '2024-05-03', 'EN PROCESO', '2024-05-01', NULL, '2024-05-05', '2024-05-05 04:04:37', '2024-07-12 19:00:36'),
(160, 77, 1, 100.00, 1, 100.00, 1, 0, 100.00, 0.00, 100.00, 0.00, 100.00, 0, 'COMPLETO', 'OBSERVACIONES 04', '2024-05-01', 1, '2024-05-02', 'ENVIADO', '2024-05-02', NULL, '2024-05-16', '2024-05-16 17:22:33', '2024-05-30 14:05:56');
INSERT INTO `trabajos` (`id`, `proyecto_id`, `cliente_id`, `costo_original`, `moneda_seleccionada_id`, `costo`, `moneda_id`, `tipo_cambio_id`, `cancelado`, `saldo`, `cancelado_cambio`, `saldo_cambio`, `costo_cambio`, `moneda_cambio_id`, `estado_pago`, `descripcion`, `fecha_inicio`, `dias_plazo`, `fecha_entrega`, `estado_trabajo`, `fecha_envio`, `fecha_conclusion`, `fecha_registro`, `created_at`, `updated_at`) VALUES
(161, 90, 1, 600.00, 1, 600.00, 1, 0, 600.00, 0.00, 600.00, 0.00, 600.00, 0, 'COMPLETO', 'ERS SISTEMA WEB DE CONTROL DE INSUMOS Y MATERIALES CON AGENTES DE NOTIFICACION, EN LARAVEL 10', '2024-05-06', 20, '2024-05-26', 'EN PROCESO', NULL, NULL, '2024-05-16', '2024-05-16 17:25:28', '2024-08-02 16:57:35'),
(162, 74, 6, 50.00, 1, 50.00, 1, 0, 50.00, 0.00, 50.00, 0.00, 50.00, 0, 'COMPLETO', 'DISEÑO BASE DE DATOS PARA SPRING BOOT', '2024-05-07', 2, '2024-05-09', 'EN PROCESO', '2024-05-08', NULL, '2024-05-16', '2024-05-16 17:28:19', '2024-05-16 17:29:02'),
(163, 91, 1, 100.00, 2, 696.00, 1, 1, 696.00, 0.00, 100.00, 0.00, 100.00, 2, 'COMPLETO', 'SISTEMA DE INFORMACIÓN PARA EL CONTROL Y SEGUIMIENTO DE SERVICIOS PARA EL DEPARTAMENTO TÉCNICO', '2024-05-07', 20, '2024-05-27', 'EN PROCESO', NULL, NULL, '2024-05-16', '2024-05-16 17:30:28', '2025-03-04 01:41:56'),
(164, 92, 6, 700.00, 1, 700.00, 1, 0, 700.00, 0.00, 700.00, 0.00, 700.00, 0, 'COMPLETO', 'SISTEMA PARA EL SEGUIMIENTO Y MANTENIMIENTO DE EQUIPOS EN SPRING BOOT JOHN', '2024-05-16', 18, '2024-06-03', 'ENVIADO', '2024-06-03', NULL, '2024-05-16', '2024-05-16 17:32:29', '2024-08-07 18:15:59'),
(165, 93, 1, 100.00, 2, 696.00, 1, 1, 696.00, 0.00, 99.99, 0.01, 100.00, 2, 'COMPLETO', 'SISTEMA PARA LA DISTRIBUCIÓN DE PERSONAL BASADO EN MACHINE LEARNING', '2024-05-14', 17, '2024-05-31', 'EN PROCESO', NULL, NULL, '2024-05-16', '2024-05-16 17:34:00', '2024-09-02 17:42:03'),
(166, 38, 2, 80.00, 1, 80.00, 1, 0, 0.00, 80.00, 0.00, 80.00, 80.00, 0, 'PENDIENTE', 'MODIFICACIÓN LISTADO DE PRODUCTOS POR PAGINACIÓN (60BS.)<br />\nCONSULTA Y AYUDA CONTRASEÑA PARA APLICACIONES CORREO GMAIL (20BS.)', '2024-04-24', 1, '2024-04-25', 'ENVIADO', '2024-04-24', NULL, '2024-05-16', '2024-05-16 17:35:23', '2024-05-16 17:35:23'),
(167, 94, 3, 100.00, 1, 100.00, 1, 0, 100.00, 0.00, 100.00, 0.00, 100.00, 0, 'COMPLETO', 'AGREGACIÓN DE ENVIOS DE CORREOS ELECTRONICOS AL INICIAR SESIÓN', '2024-05-16', 4, '2024-05-20', 'CONCLUIDO', '2024-05-20', '2024-05-22', '2024-05-22', '2024-05-22 20:26:00', '2024-05-22 20:30:38'),
(168, 95, 1, 100.00, 1, 100.00, 1, 0, 100.00, 0.00, 100.00, 0.00, 100.00, 0, 'COMPLETO', 'MODIFICACION SEGUN OBS. 02<br />\n- MOSTRAR LEYENDA EN CONTRATOS QUE VENCEN<br />\n- BACKUP DE BD<br />\n- FILTRO POR RANGO DE FECHAS EN ALQUILER<br />\n- FOTO DE VEHICULOS', '2024-05-15', 3, '2024-05-18', 'ENVIADO', '2024-05-15', NULL, '2024-05-22', '2024-05-22 20:29:47', '2024-05-30 14:09:17'),
(169, 89, 8, 580.00, 1, 580.00, 1, 0, 580.00, 0.00, 580.00, 0.00, 580.00, 0, 'COMPLETO', 'AGREGACIÓN DE MODULOS:<br />\n- PRODUCTOS<br />\n- VENTAS<br />\n- FACTURA<br />\n- GRAFICO VENTAS', '2024-05-24', 5, '2024-05-29', 'EN PROCESO', NULL, NULL, '2024-05-29', '2024-05-29 17:44:51', '2024-05-30 20:29:39'),
(170, 71, 6, 200.00, 1, 200.00, 1, 0, 200.00, 0.00, 200.00, 0.00, 200.00, 0, 'COMPLETO', '1. CARGAR IMAGENES FOTOCOPIAS Y DOCUMENTOS<br />\n	- FOTO EN MODULO CLIENTES<br />\n2. AGREGAR MODULO TIPO DE CLIENTES + RELACION CON CLIENTES<br />\n	- GRÁFICO CANTIDAD DE PRESTAMOS POR TIPO DE CLIENTE<br />\n3. LISTADO DEL HISTORIAL DE ACCIONES DE LOS USUARIOS<br />\n4. BACKUP DE LA BD<br />\nSERVICIO HOSTING SISTEMA SISMICROCREDITOS<br />\n- DEL 03-04-2024 AL 04-06-2024<br />\n- TOTAL DÍAS 62, COSTO BS. 60', '2024-05-30', 60, '2024-07-29', 'CONCLUIDO', NULL, NULL, '2024-05-31', '2024-05-31 18:32:34', '2024-08-07 18:15:11'),
(172, 96, 1, 500.00, 1, 500.00, 1, 0, 500.00, 0.00, 500.00, 0.00, 500.00, 0, 'COMPLETO', 'APLICACIÓN WEB PARA CONTROL DE INGRESOS Y EGRESOS ECONÓMICOS, DESARROLLADO CON LARAVEL 10', '2024-06-12', 15, '2024-06-27', 'EN PROCESO', NULL, NULL, '2024-06-15', '2024-06-15 14:49:36', '2024-09-02 17:29:37'),
(173, 80, 1, 500.00, 1, 500.00, 1, 0, 500.00, 0.00, 500.00, 0.00, 500.00, 0, 'COMPLETO', 'PAGINA WEB DEL SISTEMA DATASCIENCE(PYTHON) REALIZADO EN LARAVEL', '2024-07-08', 15, '2024-07-23', 'EN PROCESO', NULL, NULL, '2024-07-12', '2024-07-12 19:03:29', '2024-11-06 23:02:52'),
(174, 18, 1, 100.00, 1, 100.00, 1, 0, 100.00, 0.00, 100.00, 0.00, 100.00, 0, 'COMPLETO', 'MODIFICACIONES SISTEMA TORRESMALL', '2024-08-14', 0, '2024-08-14', 'ENVIADO', NULL, NULL, '2024-09-02', '2024-09-02 17:06:45', '2024-09-02 17:39:41'),
(175, 97, 1, 100.00, 2, 697.00, 1, 2, 496.00, 201.00, 71.16, 28.84, 100.00, 2, 'PENDIENTE', 'ERS DE SISTEMA WEB DE PRONÓSTICO DE VENTAS CON ENFOQUE EN ALGORITMOS DE MACHINE LEARNIN CON NODEJS', '2024-08-07', 22, '2024-08-29', 'ENVIADO', NULL, NULL, '2024-09-02', '2024-09-02 17:10:28', '2024-10-03 23:49:35'),
(176, 98, 1, 100.00, 2, 696.00, 1, 1, 696.00, 0.00, 99.86, 0.14, 100.00, 2, 'COMPLETO', 'ERS SISTEMA WEB DE GESTIÓN Y ADMINISTRACIÓN DE LOTES DE TERRENOS CON AGENTES INTELIGENTES DE NOTIFICACIÓN.  LARAVEL', '2024-08-17', 22, '2024-09-08', 'CONCLUIDO', NULL, '2024-10-03', '2024-09-02', '2024-09-02 17:18:31', '2024-10-03 23:51:11'),
(177, 99, 3, 500.00, 1, 500.00, 1, 0, 500.00, 0.00, 500.00, 0.00, 500.00, 0, 'COMPLETO', 'ERS PLATAFORMA WEB BANCO DE TALENTOS LARVEL 11 PHP 8.2', '2024-08-21', 15, '2024-09-05', 'EN PROCESO', NULL, NULL, '2024-09-02', '2024-09-02 17:20:11', '2024-09-16 23:47:10'),
(178, 100, 1, 400.00, 1, 400.00, 1, 0, 400.00, 0.00, 400.00, 0.00, 400.00, 0, 'COMPLETO', 'ERS SISTEMA WEB PARA LA GESTIÓN DE SUMINISTRO DE EXISTENCIAS DE PRODUCTOS CON INTELIGENCIA ARTIFICIAL APLICANDO ALGORITMOS DE RECOMENDACIÓN BAJO EL MÉTODO DE FILTRADO COLABORATIVO; BASADO EN SISTMABI LARAVEL', '2024-08-27', 20, '2024-09-16', 'CONCLUIDO', NULL, '2024-10-03', '2024-09-02', '2024-09-02 17:21:47', '2024-10-03 23:51:32'),
(179, 96, 1, 250.00, 1, 250.00, 1, 0, 250.00, 0.00, 250.00, 0.00, 250.00, 0, 'COMPLETO', 'MODIFICACIONES SISTEMA BRAKE', '2024-08-26', 5, '2024-08-31', 'ENVIADO', NULL, NULL, '2024-09-02', '2024-09-02 17:27:58', '2024-09-02 17:29:57'),
(180, 101, 1, 150.00, 2, 1045.50, 1, 2, 1045.50, 0.00, 150.00, 0.00, 150.00, 2, 'COMPLETO', 'ERS DE SISTEMA WEB DE VENTA E INVENTARIOS CON LECTOR DE CÓDIGO DE BARRAS CON LARAVEL 8.2', '2024-09-17', 20, '2024-10-07', 'EN PROCESO', '2024-10-02', NULL, '2024-10-03', '2024-10-03 23:38:55', '2024-11-19 19:14:59'),
(181, 102, 1, 400.00, 1, 400.00, 1, 0, 400.00, 0.00, 400.00, 0.00, 400.00, 0, 'COMPLETO', 'ERS SISTEMA DE AUTENTICACIÓN BIOMÉTRICA, A TRAVÉS DE RECONOCIMIENTO FACIAL, REPRESENTACIÓN NUMÉRICA Y EMOCIONES, PARA TRANSACCIONES DIGITALES EN EL SECTOR DE TELECOMUNICACIONES. CON PYTHON', '2024-09-27', 20, '2024-10-17', 'CONCLUIDO', NULL, '2024-10-31', '2024-10-03', '2024-10-03 23:41:05', '2024-11-06 22:58:43'),
(182, 103, 1, 100.00, 2, 697.00, 1, 2, 697.00, 0.00, 100.00, 0.00, 100.00, 2, 'COMPLETO', 'ERS SOFTWARE EDUCATIVO GAMIFICADO PARA LA ENSEÑANZA DE BIOLOGÍA PARA EL NIVEL PRIMARIO DE SECUNDARIA. CON LARAVEL 11', '2024-10-27', 20, '2024-11-16', 'EN PROCESO', NULL, NULL, '2024-11-06', '2024-11-06 22:49:15', '2025-04-03 14:10:22'),
(183, 104, 1, 240.00, 2, 1670.40, 1, 1, 1670.40, 0.00, 240.00, 0.00, 240.00, 2, 'COMPLETO', 'ERS DISEÑO, DESARROLLO E IMPLEMENTACIÓN DE UN SISTEMA WEB DE SUBASTAS PARA UNIBIENES S.A., CON LARAVEL 11', '2024-11-01', 20, '2024-11-21', 'EN PROCESO', NULL, NULL, '2024-11-06', '2024-11-06 22:52:35', '2025-01-08 00:30:46'),
(184, 105, 1, 100.00, 2, 696.00, 1, 1, 696.00, 0.00, 100.00, 0.00, 100.00, 2, 'COMPLETO', 'SISTEMA DE INFORMACIÓN WEB PARA EL SEGUIMIENTO Y CONTROL OPERATIVO DE TRANSPORTE DE HIDROCARBUROS APLICANDO MACHINE LEARNING PARA PREDICCIONES CON MODELO DE SERIES TEMPORALES, CON LARAVEL 11', '2024-11-07', 20, '2024-11-27', 'EN PROCESO', NULL, NULL, '2024-11-06', '2024-11-06 22:54:55', '2025-03-04 01:37:42'),
(185, 10, 1, 50.00, 1, 50.00, 1, 0, 50.00, 0.00, 50.00, 0.00, 50.00, 0, 'COMPLETO', 'NOMBRE DE SUCURSAL: MONTES<br />\nDIRECCIÓN: AV. ISMAEL MONTES ENTRE CALLE BOZO Y AV. URUGUAY NRO. 641<br />\nCÓDIGO: MN1<br />\nCAJA:<br />\nCAJA 1: 231<br />\nCAJA 2: 232', '2024-11-04', 1, '2024-11-05', 'CONCLUIDO', '2024-11-04', '2024-11-09', '2024-11-19', '2024-11-19 19:13:31', '2024-11-19 19:17:16'),
(186, 39, 3, 400.00, 1, 400.00, 1, 0, 400.00, 0.00, 400.00, 0.00, 400.00, 0, 'COMPLETO', 'OBS. 42: <br />\nSISPOA MODIFICACIONES, CAMBIOS BD', '2024-11-11', 10, '2024-11-21', 'ENVIADO', NULL, NULL, '2024-11-19', '2024-11-19 19:18:35', '2024-11-30 21:42:45'),
(187, 69, 1, 100.00, 1, 100.00, 1, 0, 100.00, 0.00, 100.00, 0.00, 100.00, 0, 'COMPLETO', 'OBS, 03', '2024-11-11', 10, '2024-11-21', 'ENVIADO', NULL, NULL, '2024-11-19', '2024-11-19 19:19:08', '2024-12-10 00:32:08'),
(188, 99, 3, 150.00, 1, 150.00, 1, 0, 150.00, 0.00, 150.00, 0.00, 150.00, 0, 'COMPLETO', 'MODIFICACIONES', '2024-10-14', 10, '2024-10-24', 'CONCLUIDO', NULL, NULL, '2024-11-19', '2024-11-19 19:21:02', '2024-11-19 19:21:55'),
(189, 106, 1, 100.00, 2, 696.00, 1, 1, 696.00, 0.00, 100.00, 0.00, 100.00, 2, 'COMPLETO', 'ERS DE SISTEMA APLICANDO REDES NEURONALES CONVOLUCIONALES PARA DETENCIÓN DE CARIES DENTALES EN RADIOGRAFÍAS. CON LARAVEL 11', '2024-11-12', 20, '2024-12-02', 'EN PROCESO', NULL, NULL, '2024-11-19', '2024-11-19 19:24:40', '2025-03-04 01:43:15'),
(190, 107, 1, 100.00, 2, 696.00, 1, 1, 300.00, 396.00, 43.10, 56.90, 100.00, 2, 'PENDIENTE', 'ERS SISTEMA DE SIMULACIÓN DENTAL DEL TRATAMIENTO DE ORTODONCIA EN 3D MEDIANTE RECONOCIMIENTO DE IMAGENES, CON LARAVEL 11', '2024-11-14', 20, '2024-12-04', 'EN PROCESO', NULL, NULL, '2024-11-19', '2024-11-19 19:26:03', '2024-12-10 00:31:46'),
(191, 10, 1, 50.00, 1, 50.00, 1, 0, 50.00, 0.00, 100.00, -50.00, 50.00, 0, 'COMPLETO', 'NOMBRE DE SUCURSAL: BALLIVIAN<br />\nDIRECCIÓN: BALLIVIAN, CHACALTAYA NRO. 330<br />\nCÓDIGO: BC1<br />\nCAJA:<br />\nCAJA 1: 241<br />\nCAJA 2: 242', '2024-11-19', 1, '2024-11-20', 'ENVIADO', '2024-11-19', NULL, '2024-11-19', '2024-11-19 19:28:01', '2025-04-10 15:32:49'),
(192, 108, 1, 200.00, 2, 1392.00, 1, 1, 1392.00, 0.00, 200.00, 0.00, 200.00, 2, 'COMPLETO', 'SISTEMA INFORMATICO DE ALMACENES DEL SEDEGES CON LARAVEL 11', '2024-11-23', 15, '2024-12-08', 'ENVIADO', '2024-11-30', NULL, '2024-11-30', '2024-11-30 21:41:19', '2025-01-08 00:32:07'),
(193, 109, 1, 300.00, 1, 300.00, 1, 0, 300.00, 0.00, 600.00, -300.00, 300.00, 0, 'COMPLETO', 'CORRECCIONES AL SISTEMA MAS ACTUALIZACION DE VERSIÓN PHP DE 5.6 A 8.2', '2024-12-12', 5, '2024-12-17', 'ENVIADO', '2024-12-12', NULL, '2025-01-02', '2025-01-03 00:38:50', '2025-03-04 01:39:11'),
(194, 110, 3, 170.00, 2, 1190.00, 1, 5, 1190.00, 0.00, 170.00, 0.00, 170.00, 2, 'COMPLETO', 'PLATAFORMA WEB PARA DROPSHIPPING CON LARAVEL 11', '2025-02-05', 20, '2025-02-25', 'ENVIADO', '2025-02-19', NULL, '2025-02-24', '2025-02-24 14:30:14', '2025-03-12 20:26:31'),
(195, 91, 1, 50.00, 1, 50.00, 1, 0, 50.00, 0.00, 50.00, 0.00, 50.00, 0, 'COMPLETO', 'OBSERVACIONES 02<br />\r\nENVIO DE CORREOS<br />\r\nBACKUP BD', '2025-02-24', 2, '2025-02-26', 'ENVIADO', '2025-02-25', NULL, '2025-02-25', '2025-02-25 15:10:28', '2025-03-04 01:43:09'),
(196, 111, 3, 500.00, 1, 500.00, 1, 0, 500.00, 0.00, 500.00, 0.00, 500.00, 0, 'COMPLETO', 'REPORTES CON SCRAPING USANDO PYTHON', '2025-02-24', 10, '2025-03-06', 'CONCLUIDO', '2025-02-27', '2025-02-28', '2025-02-25', '2025-02-25 15:11:15', '2025-03-13 12:49:39'),
(197, 100, 1, 300.00, 1, 300.00, 1, 0, 300.00, 0.00, 600.00, -300.00, 300.00, 0, 'COMPLETO', 'OBSERVACIONES 04:<br />\r\nAUTENTICACION 2FA<br />\r\nMODULO DE SUGERENCIA DE STOCK MINIMO', '2025-03-10', 5, '2025-03-15', 'ENVIADO', '2025-03-12', NULL, '2025-03-12', '2025-03-12 20:27:23', '2025-03-17 17:48:29'),
(198, 10, 1, 100.00, 1, 100.00, 1, 0, 100.00, 0.00, 200.00, -100.00, 100.00, 0, 'COMPLETO', 'SUCURSAL AROMA<br />\r\nNOMBRE SUCURSAL: AROMA<br />\r\nDIRECCION: AV. AROMA N° 0329 ENTRE C. ESTEBAN ARCE Y 25 DE MAYO <br />\r\nCÓDIGO: CBA1<br />\r\nCAJA 1: 251<br />\r\nCAJA 2: 252<br />\r\n<br />\r\nSUCURSAL HEROINAS<br />\r\nNOMBRE SUCURSAL: HEROINAS<br />\r\nDIRECCION: AV. HEROINAS N°0323  <br />\r\nCÓDIGO: CBH1<br />\r\nCAJA 1: 261<br />\r\nCAJA 2: 262<br />\r\n<br />\r\nSUCURSAL QUILLACOLLO<br />\r\nNOMBRE SUCURSAL: QUILLACOLLO<br />\r\nDIRECCION: AV. BLANCO GALINO N°164 DE QUILLACOLLO <br />\r\nCÓDIGO: CBQ1<br />\r\nCAJA 1: 271<br />\r\nCAJA 2: 272', '2025-03-12', 1, '2025-03-13', 'ENVIADO', '2025-03-13', NULL, '2025-03-13', '2025-03-13 12:38:58', '2025-03-17 17:48:12'),
(199, 42, 1, 150.00, 1, 150.00, 1, 0, 150.00, 0.00, 300.00, -150.00, 150.00, 0, 'COMPLETO', 'OBERVACION 06:<br />\r\n- CAMBIO DE NOMBRE \"WEBGYM\" A \"STARGYM\"<br />\r\n- AGREGAR  PREDICCIONES REPORTES GRAFICOS<br />\r\n- NOTIFICACIONES FIN DE INSCRIPCIONES', '2025-03-25', 1, '2025-03-26', 'EN PROCESO', NULL, NULL, '2025-03-25', '2025-03-25 13:06:51', '2025-04-03 14:01:22'),
(200, 10, 1, 500.00, 1, 500.00, 1, 0, 500.00, 0.00, 1000.00, -500.00, 500.00, 0, 'COMPLETO', 'AGREGACION DE MODULO INTERESES ADMINISTRABLES', '2025-03-17', 5, '2025-03-22', 'ENVIADO', NULL, NULL, '2025-04-02', '2025-04-02 20:33:43', '2025-04-03 14:00:04'),
(201, 100, 1, 100.00, 1, 100.00, 1, 0, 100.00, 0.00, 100.00, 0.00, 100.00, 0, 'COMPLETO', 'OBSERVACIONES 07', '2025-03-31', 3, '2025-04-03', 'ENVIADO', '2025-04-01', NULL, '2025-04-02', '2025-04-02 20:34:53', '2025-04-03 14:10:55'),
(202, 100, 1, 50.00, 1, 50.00, 1, 0, 50.00, 0.00, 100.00, -50.00, 50.00, 0, 'COMPLETO', 'OBSERVACIONES 08', '2025-04-04', 1, '2025-04-05', 'ENVIADO', '2025-04-05', NULL, '2025-04-05', '2025-04-05 22:25:27', '2025-05-08 00:21:24'),
(203, 103, 1, 100.00, 1, 100.00, 1, 0, 0.00, 100.00, 0.00, 100.00, 100.00, 0, 'PENDIENTE', 'OBSERVACIONES 01', '2025-04-08', 5, '2025-04-13', 'ENVIADO', '2025-04-08', NULL, '2025-04-10', '2025-04-10 15:30:19', '2025-04-10 15:30:19'),
(204, 86, 1, 200.00, 1, 200.00, 1, 0, 0.00, 200.00, 0.00, 200.00, 200.00, 0, 'PENDIENTE', 'OBSERVACIONES 05', '2025-04-09', 5, '2025-04-14', 'EN PROCESO', NULL, NULL, '2025-04-10', '2025-04-10 15:30:56', '2025-04-10 15:30:56'),
(205, 112, 1, 300.00, 1, 300.00, 1, 0, 300.00, 0.00, 600.00, -300.00, 300.00, 0, 'COMPLETO', 'CORRECCIONES DE DISEÑO<br />\r\n- AGREGACIÓN DE MODULO DE ACEPTACION O RECHAZO DE RESERVACIONES<br />\r\n- NOTIFICACIONES POR CORREO', '2025-04-22', 5, '2025-04-27', 'EN PROCESO', NULL, NULL, '2025-04-22', '2025-04-22 19:21:01', '2025-05-08 00:21:53'),
(206, 10, 1, 100.00, 1, 100.00, 1, 0, 100.00, 0.00, 200.00, -100.00, 100.00, 0, 'COMPLETO', 'SUCURSAL TEJADA SORZANO<br />\r\nNOMBRE SUCURSAL: TEJADA SORZANO<br />\r\nDIRECCIÓN: AV. DE LAS  AMERICAS ,FRENTE CALLE RURRENABAQUE Nª378<br />\r\nCÓDIGO: TS<br />\r\nCAJA 1: 281<br />\r\nCAJA 2: 282<br />\r\n<br />\r\nSUCURSAL CHACALTALLA<br />\r\nNOMBRE SUCURSAL: CHACALTALLA<br />\r\nDIRECCIÓN: AV. ALFONSO UGARTE,ESQUINA  CALLE ARTURO VALLE Nº97<br />\r\nCÓDIGO: CH<br />\r\nCAJA 1: 291<br />\r\nCAJA 2: 292', '2025-05-07', 1, '2025-05-08', 'ENVIADO', '2025-05-07', NULL, '2025-05-07', '2025-05-07 21:31:08', '2025-06-02 20:47:43'),
(207, 102, 1, 350.00, 1, 350.00, 1, 0, 350.00, 0.00, 700.00, -350.00, 350.00, 0, 'COMPLETO', 'OBSERVACIONES 02', '2025-05-09', 5, '2025-05-14', 'ENVIADO', '2025-05-13', NULL, '2025-05-14', '2025-05-14 22:53:16', '2025-06-02 20:48:14');

-- --------------------------------------------------------

--
-- Estructura de tabla para la tabla `users`
--

CREATE TABLE `users` (
  `id` bigint UNSIGNED NOT NULL,
  `usuario` varchar(255) CHARACTER SET utf8mb4 COLLATE utf8mb4_unicode_ci NOT NULL,
  `nombre` varchar(255) CHARACTER SET utf8mb4 COLLATE utf8mb4_unicode_ci NOT NULL,
  `paterno` varchar(155) CHARACTER SET utf8mb4 COLLATE utf8mb4_unicode_ci NOT NULL,
  `materno` varchar(155) CHARACTER SET utf8mb4 COLLATE utf8mb4_unicode_ci DEFAULT NULL,
  `correo` varchar(255) CHARACTER SET utf8mb4 COLLATE utf8mb4_unicode_ci NOT NULL,
  `foto` varchar(255) CHARACTER SET utf8mb4 COLLATE utf8mb4_unicode_ci DEFAULT NULL,
  `password` varchar(255) CHARACTER SET utf8mb4 COLLATE utf8mb4_unicode_ci NOT NULL,
  `tipo` varchar(155) CHARACTER SET utf8mb4 COLLATE utf8mb4_unicode_ci NOT NULL,
  `created_at` timestamp NULL DEFAULT NULL,
  `updated_at` timestamp NULL DEFAULT NULL
) ENGINE=InnoDB DEFAULT CHARSET=utf8mb4 COLLATE=utf8mb4_unicode_ci;

--
-- Volcado de datos para la tabla `users`
--

INSERT INTO `users` (`id`, `usuario`, `nombre`, `paterno`, `materno`, `correo`, `foto`, `password`, `tipo`, `created_at`, `updated_at`) VALUES
(1, 'admin', 'admin', '', NULL, 'admin@gmail.com', NULL, '$2y$12$9p8rK2km7cekOo4qmRghlOU/iSTHpuh.BqGN5gFtwwJafxejxv6Se', 'ADMINISTRADOR', NULL, '2024-12-17 22:23:24');

--
-- Índices para tablas volcadas
--

--
-- Indices de la tabla `clientes`
--
ALTER TABLE `clientes`
  ADD PRIMARY KEY (`id`),
  ADD UNIQUE KEY `clientes_nombre_unique` (`nombre`);

--
-- Indices de la tabla `configuracions`
--
ALTER TABLE `configuracions`
  ADD PRIMARY KEY (`id`);

--
-- Indices de la tabla `migrations`
--
ALTER TABLE `migrations`
  ADD PRIMARY KEY (`id`);

--
-- Indices de la tabla `monedas`
--
ALTER TABLE `monedas`
  ADD PRIMARY KEY (`id`);

--
-- Indices de la tabla `pagos`
--
ALTER TABLE `pagos`
  ADD PRIMARY KEY (`id`),
  ADD KEY `pagos_trabajo_id_foreign` (`trabajo_id`);

--
-- Indices de la tabla `personal_access_tokens`
--
ALTER TABLE `personal_access_tokens`
  ADD PRIMARY KEY (`id`),
  ADD UNIQUE KEY `personal_access_tokens_token_unique` (`token`),
  ADD KEY `personal_access_tokens_tokenable_type_tokenable_id_index` (`tokenable_type`,`tokenable_id`);

--
-- Indices de la tabla `proyectos`
--
ALTER TABLE `proyectos`
  ADD PRIMARY KEY (`id`);

--
-- Indices de la tabla `tipo_cambios`
--
ALTER TABLE `tipo_cambios`
  ADD PRIMARY KEY (`id`);

--
-- Indices de la tabla `trabajos`
--
ALTER TABLE `trabajos`
  ADD PRIMARY KEY (`id`),
  ADD KEY `trabajos_proyecto_id_foreign` (`proyecto_id`),
  ADD KEY `trabajos_cliente_id_foreign` (`cliente_id`),
  ADD KEY `trabajos_moneda_id_foreign` (`moneda_id`);

--
-- Indices de la tabla `users`
--
ALTER TABLE `users`
  ADD PRIMARY KEY (`id`),
  ADD UNIQUE KEY `users_usuario_unique` (`usuario`),
  ADD UNIQUE KEY `users_correo_unique` (`correo`);

--
-- AUTO_INCREMENT de las tablas volcadas
--

--
-- AUTO_INCREMENT de la tabla `clientes`
--
ALTER TABLE `clientes`
  MODIFY `id` bigint UNSIGNED NOT NULL AUTO_INCREMENT, AUTO_INCREMENT=9;

--
-- AUTO_INCREMENT de la tabla `configuracions`
--
ALTER TABLE `configuracions`
  MODIFY `id` bigint UNSIGNED NOT NULL AUTO_INCREMENT, AUTO_INCREMENT=2;

--
-- AUTO_INCREMENT de la tabla `migrations`
--
ALTER TABLE `migrations`
  MODIFY `id` int UNSIGNED NOT NULL AUTO_INCREMENT, AUTO_INCREMENT=21;

--
-- AUTO_INCREMENT de la tabla `monedas`
--
ALTER TABLE `monedas`
  MODIFY `id` bigint UNSIGNED NOT NULL AUTO_INCREMENT, AUTO_INCREMENT=3;

--
-- AUTO_INCREMENT de la tabla `pagos`
--
ALTER TABLE `pagos`
  MODIFY `id` bigint UNSIGNED NOT NULL AUTO_INCREMENT, AUTO_INCREMENT=295;

--
-- AUTO_INCREMENT de la tabla `personal_access_tokens`
--
ALTER TABLE `personal_access_tokens`
  MODIFY `id` bigint UNSIGNED NOT NULL AUTO_INCREMENT;

--
-- AUTO_INCREMENT de la tabla `proyectos`
--
ALTER TABLE `proyectos`
  MODIFY `id` bigint UNSIGNED NOT NULL AUTO_INCREMENT, AUTO_INCREMENT=113;

--
-- AUTO_INCREMENT de la tabla `tipo_cambios`
--
ALTER TABLE `tipo_cambios`
  MODIFY `id` bigint UNSIGNED NOT NULL AUTO_INCREMENT, AUTO_INCREMENT=6;

--
-- AUTO_INCREMENT de la tabla `trabajos`
--
ALTER TABLE `trabajos`
  MODIFY `id` bigint UNSIGNED NOT NULL AUTO_INCREMENT, AUTO_INCREMENT=208;

--
-- AUTO_INCREMENT de la tabla `users`
--
ALTER TABLE `users`
  MODIFY `id` bigint UNSIGNED NOT NULL AUTO_INCREMENT, AUTO_INCREMENT=2;

--
-- Restricciones para tablas volcadas
--

--
-- Filtros para la tabla `pagos`
--
ALTER TABLE `pagos`
  ADD CONSTRAINT `pagos_trabajo_id_foreign` FOREIGN KEY (`trabajo_id`) REFERENCES `trabajos` (`id`);

--
-- Filtros para la tabla `trabajos`
--
ALTER TABLE `trabajos`
  ADD CONSTRAINT `trabajos_cliente_id_foreign` FOREIGN KEY (`cliente_id`) REFERENCES `clientes` (`id`),
  ADD CONSTRAINT `trabajos_moneda_id_foreign` FOREIGN KEY (`moneda_id`) REFERENCES `monedas` (`id`),
  ADD CONSTRAINT `trabajos_proyecto_id_foreign` FOREIGN KEY (`proyecto_id`) REFERENCES `proyectos` (`id`);
COMMIT;

/*!40101 SET CHARACTER_SET_CLIENT=@OLD_CHARACTER_SET_CLIENT */;
/*!40101 SET CHARACTER_SET_RESULTS=@OLD_CHARACTER_SET_RESULTS */;
/*!40101 SET COLLATION_CONNECTION=@OLD_COLLATION_CONNECTION */;
